company,week_start,orders,canceled,total_qty,gmv_idr,cod_orders,jubelio_shipment_orders,orders_shopee,orders_tokopedia,orders_lazada,orders_other
Company_B,2024-01-01,29071,1030,34234,5130389649,14043,0,17722,9100,2239,10
Company_B,2024-01-08,21217,776,23681,3785546066,10522,0,11341,8499,1259,118
Company_B,2024-01-15,26156,943,29083,4555936125,13440,0,13051,11536,1271,298
Company_B,2024-01-22,36308,1305,41177,6138266753,19084,0,16136,18228,1678,266
Company_B,2024-01-29,45799,1789,51402,7806299562,23138,0,20943,22704,1917,235
Company_B,2024-02-05,26166,951,28898,4613939570,13525,0,12030,12606,1366,164
Company_B,2024-02-12,29173,818,31786,5039871079,15540,0,16543,11213,974,443
Company_B,2024-02-19,36272,1417,40721,6065569207,18585,0,19508,14714,1577,473
Company_B,2024-02-26,58228,2047,66118,9778833217,28526,0,33352,22608,2000,268
Company_B,2024-03-04,47579,1755,55426,8404637664,25593,0,24055,21154,2070,300
Company_B,2024-03-11,57066,2429,63832,9964794038,33586,0,27367,27444,2003,252
Company_B,2024-03-18,76101,3850,85419,13348488915,45173,0,42128,29847,3821,305
Company_B,2024-03-25,116526,7896,130900,19994374696,68056,0,66269,42446,7620,191
Company_B,2024-04-01,85866,5388,100015,14540852839,47993,0,48852,30022,6916,76
Company_B,2024-04-08,27238,2353,30163,4703676793,16686,0,13542,12525,1108,63
Company_B,2024-04-15,24772,983,27795,4175907000,12707,0,15376,8138,960,298
Company_B,2024-04-22,27132,1248,31342,4492819958,12887,0,16351,8944,1584,253
Company_B,2024-04-29,33949,1685,41003,5488243145,14931,0,21215,10855,1677,202
Company_B,2024-05-06,22404,918,25958,3762327038,9703,0,13731,6852,1633,188
Company_B,2024-05-13,26005,1319,28936,4287141941,12243,0,15161,10012,641,191
Company_B,2024-05-20,30823,1535,35651,5022654620,14059,0,17893,11710,1022,198
Company_B,2024-05-27,31157,1370,35035,5187413133,13416,0,18990,10936,1028,203
Company_B,2024-06-03,46989,2287,53280,7641603275,21194,0,26698,16693,3359,239
Company_B,2024-06-10,30664,2214,34227,5283351398,15973,0,13221,15611,1645,187
Company_B,2024-06-17,25452,1488,29394,4337933817,12803,0,12882,11437,999,134
Company_B,2024-06-24,31404,1396,35292,5327554491,14752,0,16437,13161,1632,174
Company_B,2024-07-01,42492,2114,50145,7162978645,19083,0,22710,18003,1508,271
Company_B,2024-07-08,20235,767,22668,3551259480,8433,0,12052,6899,1035,249
Company_B,2024-07-15,21735,860,24335,3716135614,9455,0,12980,7740,657,358
Company_B,2024-07-22,28402,1102,33133,4809658818,12002,0,16885,10128,1120,269
Company_B,2024-07-29,32895,1278,37013,5745635182,13118,1,18724,11873,1037,1261
Company_B,2024-08-05,45838,1676,52471,7586956904,18898,1,29085,14687,1628,438
Company_B,2024-08-12,27788,1385,32075,4822636425,11817,1,16762,9695,1106,225
Company_B,2024-08-19,35005,1357,40085,5957769256,15344,1,21858,11724,1122,301
Company_B,2024-08-26,39305,1445,42935,6876614309,17271,2,23217,14418,1444,226
Company_B,2024-09-02,46733,1992,52794,7974853184,19766,0,28095,17312,1111,215
Company_B,2024-09-09,46538,1911,55378,7822886027,20473,1,29957,14525,1845,211
Company_B,2024-09-16,29763,1325,32622,5165261173,13825,0,16322,12169,1013,259
Company_B,2024-09-23,41554,1633,51627,7186216765,18406,2,23575,16714,995,270
Company_B,2024-09-30,48950,1816,56255,8213372660,21048,2,27583,20141,1012,214
Company_B,2024-10-07,55423,1794,62980,9304073887,23872,0,34291,17455,3476,201
Company_B,2024-10-14,35477,1610,40119,6219841519,17519,1,17035,16134,2079,229
Company_B,2024-10-21,55391,3000,66336,9238094184,26448,1,27437,25363,2277,314
Company_B,2024-10-28,52595,3022,56884,7635240631,20368,4,29951,20996,1442,206
Company_B,2024-11-04,56043,4545,62504,10016352391,28649,2,24553,28955,2245,290
Company_B,2024-11-11,53785,3483,61737,9162344462,26670,1,28847,19602,5127,209
Company_B,2024-11-18,36281,2280,40286,6443178878,18463,3,18784,15261,1976,260
Company_B,2024-11-25,51226,5153,57375,8945742661,26368,1,24060,25327,1514,325
Company_B,2024-12-02,54521,6096,59160,9658284910,28876,0,23862,29674,854,131
Company_B,2024-12-09,87578,8013,105546,14899127838,43413,0,53201,30103,4061,213
Company_B,2024-12-16,45477,4738,49548,8075870665,23454,0,24209,19891,1214,163
Company_B,2024-12-23,49036,5146,60668,8698666684,24481,1,26631,20529,1632,244
Company_B,2024-12-30,42916,3584,53432,7687417581,20194,1,24900,16209,1641,166
Company_B,2025-01-06,31412,2493,34611,5926415940,14861,2,19171,11248,772,221
Company_B,2025-01-13,35407,3193,38580,6597439909,17285,3,19401,14575,1146,285
Company_B,2025-01-20,34643,2818,39671,6385274670,15865,290,21143,11719,1298,483
Company_B,2025-01-27,42756,2950,57091,7962654376,19711,107,27271,13613,1635,237
Company_B,2025-02-03,33480,2383,37284,6296141399,15553,297,20127,11583,1330,440
Company_B,2025-02-10,30989,2008,36936,5817579046,14719,340,18632,10787,1054,516
Company_B,2025-02-17,29646,2034,32236,5649926414,15132,337,16649,11252,1247,498
Company_B,2025-02-24,68371,4198,90442,12234275598,32930,244,45907,19016,3052,396
Company_B,2025-03-03,84294,6100,101636,15688062085,45357,316,51729,28290,3815,460
Company_B,2025-03-10,111651,10528,120198,21539821957,65974,350,53454,54655,3070,472
Company_B,2025-03-17,124109,13597,132664,23962372619,75513,283,55370,64103,4228,408
Company_B,2025-03-24,64405,7845,77546,12166020093,37618,307,31753,30939,1347,366
Company_B,2025-03-31,40962,4000,49534,7512496783,23354,151,22017,17443,1289,213
Company_B,2025-04-07,23799,1402,26343,4301346703,11742,276,13814,9026,642,317
Company_B,2025-04-14,24344,1644,27049,4436427379,11507,248,13934,9430,565,415
Company_B,2025-04-21,39629,2504,45721,6467068430,17160,304,24292,14020,815,502
Company_B,2025-04-28,38823,3318,43937,7088342610,16730,280,19755,16870,1773,425
Company_B,2025-05-05,43085,3820,51223,7562745702,20418,332,21391,18972,2239,483
Company_B,2025-05-12,32073,2514,35104,5970256495,15993,310,16705,13737,1187,444
Company_B,2025-05-19,37597,2834,43592,6770798672,18081,335,20497,14770,1771,559
Company_B,2025-05-26,34823,2467,37930,6334399309,16221,282,19631,13205,1566,421
Company_B,2025-06-02,56225,4812,69844,9370811285,24963,252,29901,19620,6354,350
Company_B,2025-06-09,32306,2170,34893,5899893213,15764,364,19259,11806,682,559
Company_B,2025-06-16,31005,1892,33338,5557790737,15372,412,20187,9536,669,613
Company_B,2025-06-23,41036,2709,48686,7306626919,19037,245,27828,11930,881,397
Company_B,2025-06-30,50624,3012,57570,8856867155,22102,386,33122,16052,895,555
Company_B,2025-07-07,48822,2551,61440,8191683299,22154,306,33214,13616,1483,509
Company_B,2025-07-14,24116,2146,26994,4492549792,11564,341,12194,10818,556,548
Company_B,2025-07-21,32530,3290,42696,6003574867,15300,291,16160,15119,707,544
Company_B,2025-07-28,35048,3421,40169,6510529628,15921,324,13976,18987,565,1520
Company_B,2025-08-04,52308,4130,72872,9311088397,24039,240,27022,23530,1278,478
Company_B,2025-08-11,41381,3204,50571,7683036619,21541,301,13871,26251,709,550
Company_B,2025-08-18,50501,3257,56601,9959906414,28257,303,13646,35548,701,606
Company_B,2025-08-25,74693,4137,88511,14199696144,39119,253,18271,54942,998,482
Company_B,2025-09-01,62547,5489,67380,11902279710,32836,214,15374,45978,784,411
Company_B,2025-09-08,80605,4776,106808,15105559741,41384,324,28423,48259,3347,576
Company_B,2025-09-15,57221,3056,61892,10985422624,31202,349,15160,40869,560,632
Company_B,2025-09-22,87439,3158,108885,16599017183,45517,361,32499,53009,1270,661
Company_B,2025-09-29,55844,4426,60286,10716430223,27086,338,21016,33516,713,599
Company_B,2025-10-06,57192,5946,80720,10848956157,27863,273,23202,32145,1325,520
Company_B,2025-10-13,29000,2602,31548,5552721168,14572,330,12642,15226,574,558
Company_B,2025-10-20,47878,4279,62526,9189631144,25457,320,15973,30187,1158,560
Company_B,2025-10-27,63772,4883,76198,12432727460,33723,359,16583,45655,948,586
Company_B,2025-11-03,75587,5580,80604,14562953869,39749,323,19560,53560,1926,541
Company_B,2025-11-10,94997,5705,138569,17463247427,47179,299,35933,51301,7211,552
Company_B,2025-11-17,58400,3212,62703,10904386217,31148,382,23197,33798,673,732
Company_B,2025-11-24,82406,4830,110969,15409855221,39729,341,39125,40550,2164,567
Company_B,2025-12-01,89568,7962,125324,16657692441,40563,418,41750,46106,974,738
Company_B,2025-12-08,142861,15443,204854,26740562205,71736,420,51351,82326,8421,763
Company_B,2025-12-15,63459,4463,67942,12180879923,32528,401,20733,40395,1531,800
Company_B,2025-12-22,96349,7883,120431,17963519149,51726,256,29331,64321,2113,584
Company_B,2025-12-29,45787,2621,57649,8586493298,22806,157,23233,20662,1556,336
Company_C,2024-01-01,23698,139,61418,1594611122,13007,0,17238,2123,4331,6
Company_C,2024-01-08,20537,109,56281,1437382113,11536,0,14932,1863,3733,9
Company_C,2024-01-15,19463,126,53731,1377653866,11131,0,13581,2238,3636,8
Company_C,2024-01-22,21588,149,59530,1500896943,12268,0,14950,3132,3499,7
Company_C,2024-01-29,29096,165,75568,1936865711,15358,0,20884,4212,3994,6
Company_C,2024-02-05,20668,151,55805,1459960960,11752,0,14000,2724,3932,12
Company_C,2024-02-12,21865,131,60295,1515064742,12879,0,15403,2689,3761,12
Company_C,2024-02-19,24940,127,71031,1679652239,13461,0,18599,2378,3958,5
Company_C,2024-02-26,30206,155,82297,2026288904,12847,0,23115,2628,4459,4
Company_C,2024-03-04,30163,159,78138,1934016592,17756,0,23880,2396,3878,9
Company_C,2024-03-11,26358,205,69771,1767932645,14642,0,19578,2741,4029,10
Company_C,2024-03-18,31405,268,75205,2016273549,16989,0,23845,3239,4310,11
Company_C,2024-03-25,42047,442,92337,2572492078,22291,0,32589,4253,5194,11
Company_C,2024-04-01,34813,383,78587,2130574274,18018,0,27508,3430,3866,9
Company_C,2024-04-08,19863,391,46622,1323964395,12019,0,14968,2130,2763,2
Company_C,2024-04-15,30824,220,78232,2113886649,17520,0,24753,2524,3542,5
Company_C,2024-04-22,29863,179,79895,2008348774,15908,0,24089,2087,3679,8
Company_C,2024-04-29,39471,266,112904,2509769784,19915,0,30238,2960,6262,11
Company_C,2024-05-06,26589,290,66271,1713095796,14615,0,19895,3246,3440,8
Company_C,2024-05-13,25329,404,63788,1676441397,14070,0,18417,4148,2758,6
Company_C,2024-05-20,25673,371,63968,1692984678,13488,0,18847,4057,2760,9
Company_C,2024-05-27,25397,365,61788,1668315234,13416,0,18645,3665,3080,7
Company_C,2024-06-03,32998,378,77989,2041874744,16902,0,25165,4084,3743,6
Company_C,2024-06-10,23854,320,57599,1547244563,13175,0,17843,3342,2665,4
Company_C,2024-06-17,21474,291,50973,1384980346,11961,0,15890,3327,2252,5
Company_C,2024-06-24,28392,346,66584,1787792210,14953,0,21497,4347,2541,7
Company_C,2024-07-01,32996,320,75779,2060936533,15863,0,26271,4048,2672,5
Company_C,2024-07-08,25115,284,58374,1544724005,13561,0,18889,3479,2741,6
Company_C,2024-07-15,25640,340,60977,1542770408,14324,0,19267,3648,2714,11
Company_C,2024-07-22,28778,352,67045,1802680147,15258,0,21649,4290,2835,4
Company_C,2024-07-29,30669,397,71203,1956768651,16006,0,22964,4792,2908,5
Company_C,2024-08-05,35856,387,81312,2276807282,17548,0,27604,5148,3097,7
Company_C,2024-08-12,27477,408,64094,1803870678,14857,0,19922,4597,2954,4
Company_C,2024-08-19,30702,497,69240,1838625857,17308,0,21908,6248,2542,4
Company_C,2024-08-26,34093,591,74230,1958626227,19470,0,23249,8302,2536,6
Company_C,2024-09-02,36955,636,78661,2034063572,20789,0,24072,10060,2813,10
Company_C,2024-09-09,34880,553,77500,1981560644,19406,0,22960,8962,2951,7
Company_C,2024-09-16,26032,474,56700,1523323883,15086,0,16384,7404,2237,7
Company_C,2024-09-23,31537,596,67717,1773668536,17875,0,19733,9438,2358,8
Company_C,2024-09-30,31761,687,69182,1829858219,17657,0,18596,10662,2499,4
Company_C,2024-10-07,33722,562,72743,1960232744,17758,0,22321,8633,2761,7
Company_C,2024-10-14,23635,395,50672,1358695611,13055,0,15780,5436,2416,3
Company_C,2024-10-21,25598,388,55785,1443908217,13842,0,17325,5816,2456,1
Company_C,2024-10-28,28432,529,62361,1684924651,15032,0,18622,7232,2574,4
Company_C,2024-11-04,30277,624,64794,1697191097,15207,0,20127,7555,2590,5
Company_C,2024-11-11,31225,549,68799,1778911103,16283,0,20787,7174,3260,4
Company_C,2024-11-18,25124,565,58550,1479953384,13636,0,16018,6961,2140,5
Company_C,2024-11-25,30816,703,68833,1781202900,15633,0,21541,7004,2268,3
Company_C,2024-12-02,30610,829,71939,1777226611,15872,0,20979,7440,2187,4
Company_C,2024-12-09,41687,869,93486,2298242084,21300,0,30742,8460,2480,5
Company_C,2024-12-16,27115,800,57535,1526732938,14845,0,17440,8200,1469,6
Company_C,2024-12-23,30027,883,65464,1658329708,15875,0,19456,8983,1585,3
Company_C,2024-12-30,34293,904,74430,1844299970,17533,0,23412,9294,1584,3
Company_C,2025-01-06,27853,778,59267,1468485948,14598,0,17351,9115,1383,4
Company_C,2025-01-13,24444,766,55695,1374646922,13162,0,15334,7891,1211,8
Company_C,2025-01-20,27990,701,64514,1523476150,13750,0,20196,6621,1168,5
Company_C,2025-01-27,32121,698,74223,1749728698,15636,0,24984,6119,1013,5
Company_C,2025-02-03,25230,596,56232,1295048957,12401,0,19078,5029,1120,3
Company_C,2025-02-10,23162,538,51182,1216156490,12098,0,17418,4806,930,8
Company_C,2025-02-17,22626,561,53496,1199088201,11538,0,16757,4979,883,7
Company_C,2025-02-24,29734,700,67674,1638889438,14199,0,22194,6619,914,7
Company_C,2025-03-03,29397,688,63753,1604291800,14652,0,21561,6912,917,7
Company_C,2025-03-10,30686,761,67015,1689320246,16122,0,21398,8406,866,16
Company_C,2025-03-17,32616,782,68164,1730022021,16894,0,22866,8789,943,18
Company_C,2025-03-24,21657,627,45874,1134506186,11024,0,15930,5193,530,4
Company_C,2025-03-31,27921,1805,60933,1558603733,15329,0,19233,7974,714,0
Company_C,2025-04-07,30295,893,66619,1659372696,16891,0,18945,10645,699,6
Company_C,2025-04-14,27563,769,62392,1531242936,14697,0,18850,8091,592,30
Company_C,2025-04-21,27145,761,61107,1497668423,14427,0,18443,8034,647,21
Company_C,2025-04-28,27941,918,61964,1570796807,14479,0,18914,8436,582,9
Company_C,2025-05-05,27727,875,60555,1510884498,14829,0,19471,7622,625,9
Company_C,2025-05-12,24343,829,52293,1335205250,14198,0,16031,7722,586,4
Company_C,2025-05-19,26317,1001,57397,1431997587,14783,0,16917,8855,535,10
Company_C,2025-05-26,25012,934,54286,1396072177,14300,0,16229,8095,674,14
Company_C,2025-06-02,26888,832,60474,1527617999,13969,0,18927,7343,606,12
Company_C,2025-06-09,22339,711,49314,1264331913,12547,0,14855,6906,551,27
Company_C,2025-06-16,23064,885,50253,1268044526,13397,0,15191,7271,587,15
Company_C,2025-06-23,26559,1045,59186,1424027771,14598,0,18127,7794,636,2
Company_C,2025-06-30,31079,1154,67676,1689272630,16673,0,20624,9840,610,5
Company_C,2025-07-07,30779,1040,65895,1690065072,17022,0,20806,9333,633,7
Company_C,2025-07-14,25947,910,52938,1300666140,15216,0,17347,8110,482,8
Company_C,2025-07-21,27021,1047,54127,1328904272,15569,0,17680,8868,463,10
Company_C,2025-07-28,25847,1058,50705,1263380707,14556,0,15986,9389,460,12
Company_C,2025-08-04,28675,1105,56220,1375134219,15804,0,17629,10474,562,10
Company_C,2025-08-11,25653,1184,48289,1156496177,15608,0,13557,11633,449,14
Company_C,2025-08-18,32590,1384,61461,1484228486,21370,0,14662,17383,515,30
Company_C,2025-08-25,44720,1505,83348,1987454028,28626,0,18947,25248,510,15
Company_C,2025-09-01,31991,1466,60198,1492290628,18811,0,18239,13311,425,16
Company_C,2025-09-08,41920,1447,78836,1851482905,25300,0,21673,19667,568,12
Company_C,2025-09-15,33904,1084,61674,1552320209,22271,0,14071,19398,413,22
Company_C,2025-09-22,55383,1023,104686,2567148080,34557,0,24794,29904,669,16
Company_C,2025-09-29,32698,1204,62134,1605904606,18694,0,18061,14244,365,28
Company_C,2025-10-06,31450,1139,60464,1554441853,16216,0,20756,10296,393,5
Company_C,2025-10-13,21529,878,41396,1079596203,12356,0,14063,7134,314,18
Company_C,2025-10-20,26629,1083,50750,1273966862,15074,0,17261,8996,360,12
Company_C,2025-10-27,31487,1324,59511,1508066337,18226,0,19074,12009,393,11
Company_C,2025-11-03,34851,1295,64214,1587544262,20503,0,19969,14503,371,8
Company_C,2025-11-10,44085,1386,80001,2003694995,25789,0,23841,19812,420,12
Company_C,2025-11-17,38634,947,68581,1747676400,24122,0,22037,16198,374,25
Company_C,2025-11-24,41383,1041,74255,1906077994,23185,0,27056,13805,504,18
Company_C,2025-12-01,35974,1394,66150,1727191066,19204,0,23989,11625,348,12
Company_C,2025-12-08,43880,1589,82196,2121656770,21310,0,31527,11806,541,6
Company_C,2025-12-15,27419,1002,51507,1351261979,15810,0,16729,10445,235,10
Company_C,2025-12-22,34119,1029,59787,1599330885,19931,0,18716,15112,279,12
Company_C,2025-12-29,23476,522,41252,1113207279,12567,0,15481,7793,198,4
Company_H,2024-01-01,23142,939,32241,5774074169,6894,0,8899,12664,0,1579
Company_H,2024-01-08,19190,805,25282,4645219713,5607,0,6958,10828,0,1404
Company_H,2024-01-15,17137,440,22472,4438749893,4317,0,6441,9317,0,1379
Company_H,2024-01-22,14866,250,19738,4169165685,2678,0,5784,7684,0,1398
Company_H,2024-01-29,18158,323,25990,4972021826,3245,0,7397,9015,0,1746
Company_H,2024-02-05,13772,184,19384,3806050937,2301,0,5470,6540,0,1762
Company_H,2024-02-12,11718,139,16113,3414335829,1676,0,4562,5455,0,1701
Company_H,2024-02-19,11144,154,15890,3421359440,1421,0,4222,5382,7,1533
Company_H,2024-02-26,14199,318,21156,4229423054,2131,0,5890,6737,19,1553
Company_H,2024-03-04,12754,357,17756,3727106465,2089,0,4925,6213,35,1581
Company_H,2024-03-11,13495,403,18061,3855722652,2381,0,5126,6721,30,1618
Company_H,2024-03-18,13492,451,18695,3772766566,2461,0,5349,6673,21,1449
Company_H,2024-03-25,18066,621,24073,4654526662,3297,0,7102,9162,19,1783
Company_H,2024-04-01,16208,679,23766,4340306775,3334,0,6626,7346,48,2188
Company_H,2024-04-08,1978,2,2983,728365400,0,0,0,112,27,1839
Company_H,2024-04-15,12396,446,20146,3666130939,2534,0,4557,6020,31,1788
Company_H,2024-04-22,14665,499,23674,4119954237,2966,0,6198,6809,42,1616
Company_H,2024-04-29,16261,514,24032,4176956306,3038,0,7378,7048,32,1803
Company_H,2024-05-06,14008,383,24318,3940075107,2573,0,6009,6078,48,1873
Company_H,2024-05-13,13794,471,20906,3711402190,2631,0,5329,6807,30,1628
Company_H,2024-05-20,14100,537,20180,3700452642,2784,0,5379,6846,36,1839
Company_H,2024-05-27,12815,438,16858,3340090497,2059,0,4945,6218,47,1605
Company_H,2024-06-03,12736,582,17544,3487351281,1925,0,5955,5103,57,1621
Company_H,2024-06-10,11800,449,17418,3397685674,1917,0,4598,5410,66,1726
Company_H,2024-06-17,12922,544,16599,3368351562,2301,0,4750,6388,66,1718
Company_H,2024-06-24,15331,510,20206,4047126409,2671,0,5585,8034,56,1656
Company_H,2024-07-01,15947,389,20937,4129591359,2570,0,6776,7447,43,1681
Company_H,2024-07-08,14302,436,20911,3842276204,2672,0,6031,6624,56,1591
Company_H,2024-07-15,14430,394,19844,3802474042,2606,0,5958,6830,68,1574
Company_H,2024-07-22,18445,460,25284,4878238339,2985,0,8056,8497,80,1812
Company_H,2024-07-29,17612,406,23283,4441178278,2707,0,7233,8486,94,1799
Company_H,2024-08-05,19375,443,26501,4702019638,2768,0,9063,8537,84,1691
Company_H,2024-08-12,15200,318,20463,3767426868,2154,0,6706,6757,76,1661
Company_H,2024-08-19,14489,296,18999,3647568292,2016,0,6778,6032,65,1614
Company_H,2024-08-26,14610,288,19684,3760995093,2183,0,6938,6009,63,1600
Company_H,2024-09-02,14966,315,21097,3763465577,2173,0,6611,6655,91,1609
Company_H,2024-09-09,16614,316,23308,4125324440,2493,0,7623,7201,98,1692
Company_H,2024-09-16,15573,293,19457,3714036366,2805,0,6437,7414,93,1629
Company_H,2024-09-23,17701,388,21041,4106947311,3220,0,7839,8199,43,1620
Company_H,2024-09-30,17517,421,21876,4352604231,3224,0,8705,7070,46,1696
Company_H,2024-10-07,15250,236,18521,3815814367,2521,0,8080,5527,81,1562
Company_H,2024-10-14,12829,237,15173,3241609111,2495,0,6057,5323,84,1365
Company_H,2024-10-21,15011,328,17684,3896405099,2830,0,6618,6917,69,1407
Company_H,2024-10-28,16603,431,19649,4191089289,2846,0,7333,7669,63,1538
Company_H,2024-11-04,14439,413,17619,3779794453,2260,0,6043,6734,65,1597
Company_H,2024-11-11,14294,388,18154,3853730670,2232,0,6390,6326,82,1496
Company_H,2024-11-18,12315,354,14718,3169806260,2099,0,5426,5490,73,1326
Company_H,2024-11-25,16762,733,23324,5085380839,2960,0,7381,7864,63,1454
Company_H,2024-12-02,16677,889,19965,4119311605,3348,0,7327,7877,57,1416
Company_H,2024-12-09,18823,1029,22453,4493048284,3674,0,8820,8478,86,1439
Company_H,2024-12-16,13239,671,18144,3992339892,2302,0,5370,6317,59,1493
Company_H,2024-12-23,22184,1203,26356,4985589024,4666,0,10152,10098,119,1815
Company_H,2024-12-30,15337,702,18771,3732429255,2748,0,6608,7078,75,1576
Company_H,2025-01-06,12277,620,15079,3008396514,2238,0,4670,6284,65,1258
Company_H,2025-01-13,10897,536,13850,2994790880,2024,0,4222,5311,74,1290
Company_H,2025-01-20,10585,510,13582,2953767391,1751,0,4187,5046,56,1296
Company_H,2025-01-27,13720,620,16761,3618874806,2389,0,5895,6194,57,1574
Company_H,2025-02-03,12860,928,15774,3533759153,2171,0,4567,6623,66,1604
Company_H,2025-02-10,13223,1476,16873,3838900132,1960,0,4255,7268,61,1639
Company_H,2025-02-17,11330,1181,14802,3418884604,1498,0,3745,6106,39,1440
Company_H,2025-02-24,13896,1374,16985,3752770605,2053,0,5397,6954,67,1478
Company_H,2025-03-03,14555,1517,17844,3611176413,2493,0,5626,7427,98,1404
Company_H,2025-03-10,12593,1224,15796,3359119040,2267,0,4607,6676,55,1255
Company_H,2025-03-17,12467,1271,15328,3422879443,1967,9,4575,6361,72,1459
Company_H,2025-03-24,11544,1177,14876,3366038969,2237,2,4666,4944,59,1875
Company_H,2025-03-31,13843,1435,16877,3725543726,3129,7,5089,6922,52,1780
Company_H,2025-04-07,17267,2060,22053,4955532854,3372,3,5841,9123,75,2228
Company_H,2025-04-14,17860,2238,22108,4671492868,4548,2,5709,10100,58,1993
Company_H,2025-04-21,18719,2422,22237,4397757992,5177,2,5789,11148,111,1671
Company_H,2025-04-28,19897,2537,23744,4766295715,5498,1,5447,12645,95,1710
Company_H,2025-05-05,19696,2425,23477,4592759408,5895,3,5651,12261,165,1619
Company_H,2025-05-12,14761,1928,17699,3600048615,4113,0,4111,8991,74,1585
Company_H,2025-05-19,14004,1821,16670,3505952437,3527,0,4028,8465,68,1443
Company_H,2025-05-26,15022,1856,18652,3920579170,3752,3,3812,9458,75,1677
Company_H,2025-06-02,16171,1909,19279,3936913971,3622,0,5058,9413,105,1595
Company_H,2025-06-09,13250,1657,15786,3343802206,3220,1,4185,7531,63,1471
Company_H,2025-06-16,10833,1322,13496,3018907124,2168,0,3816,5552,60,1405
Company_H,2025-06-23,12398,1428,15115,3360819021,2535,1,4586,6154,59,1599
Company_H,2025-06-30,13017,1525,16414,3454710241,2605,2,4573,6755,72,1617
Company_H,2025-07-07,11769,1235,14876,3395391779,2066,0,4617,5560,70,1522
Company_H,2025-07-14,10039,1036,12673,3068714657,1796,1,3753,4848,43,1395
Company_H,2025-07-21,10068,1047,33853,6163400789,1628,0,4003,4602,42,1421
Company_H,2025-07-28,11003,1082,13669,3449615282,1784,0,4374,5010,54,1565
Company_H,2025-08-04,12688,1186,16070,3558745323,1981,0,5428,5649,71,1540
Company_H,2025-08-11,10610,998,12840,2929953124,2082,0,3842,5289,72,1407
Company_H,2025-08-18,10962,1659,13739,3425441321,2358,0,3781,5738,65,1378
Company_H,2025-08-25,15847,1345,18834,4074799203,3014,0,4762,9493,67,1525
Company_H,2025-09-01,13116,1181,16384,3768153266,2602,0,4686,7030,48,1352
Company_H,2025-09-08,14109,974,18553,4467473806,2820,0,5258,7454,64,1333
Company_H,2025-09-15,13271,1891,15701,3509955382,2505,0,3703,8346,30,1192
Company_H,2025-09-22,20909,969,26916,6230535031,3361,0,7676,11958,83,1192
Company_H,2025-09-29,14798,1198,18996,3918560891,2433,0,6252,7180,59,1307
Company_H,2025-10-06,16723,1716,20539,3885181497,2787,0,8895,6324,59,1445
Company_H,2025-10-13,13928,1230,20599,4225629157,2314,0,6475,5556,51,1846
Company_H,2025-10-20,15310,1396,21375,4961027150,2402,0,7043,6327,81,1859
Company_H,2025-10-27,15346,1152,20365,4675758882,2661,0,6514,7051,82,1699
Company_H,2025-11-03,15677,1266,20343,4957333558,2902,0,5793,8206,50,1628
Company_H,2025-11-10,20025,1370,24486,5648490219,3551,0,8746,9441,183,1655
Company_H,2025-11-17,16597,934,20619,5212441845,2837,0,6888,8014,46,1649
Company_H,2025-11-24,18462,1117,24209,6355381374,2849,0,8983,7706,62,1711
Company_H,2025-12-01,16848,1742,20814,5262822294,2582,4,6522,8129,74,2123
Company_H,2025-12-08,25033,2425,30755,7350374255,3896,1,12229,10478,142,2184
Company_H,2025-12-15,17996,1448,23117,5829831359,2879,2,6834,9014,73,2075
Company_H,2025-12-22,19391,1370,24381,6212333460,2759,0,7106,10154,62,2069
Company_H,2025-12-29,10654,787,12977,3394190418,1484,3,4714,4801,50,1089
Company_G,2024-01-01,12532,44,16226,1777903119,3948,0,10989,995,504,44
Company_G,2024-01-08,8138,46,10367,1201759203,2491,0,6877,903,331,27
Company_G,2024-01-15,8169,25,10668,1245530102,2296,0,6613,1187,333,36
Company_G,2024-01-22,13905,75,17654,1890562000,4308,0,11531,1758,588,28
Company_G,2024-01-29,17108,86,23032,2371692321,4841,0,13879,2365,821,43
Company_G,2024-02-05,12250,47,15795,1778328103,4109,0,10129,1429,669,23
Company_G,2024-02-12,13470,112,17450,1923505116,5124,0,10468,2258,717,27
Company_G,2024-02-19,15208,106,19360,2087979312,5133,0,11811,2324,1036,37
Company_G,2024-02-26,34688,398,46481,4846784138,10674,0,27231,5881,1534,42
Company_G,2024-03-04,27052,335,36056,4218992224,9580,0,19731,5468,1821,32
Company_G,2024-03-11,63629,1111,89893,10386418131,22373,0,45691,15044,2836,58
Company_G,2024-03-18,154098,2092,216302,20574375063,49293,0,125143,24157,4734,64
Company_G,2024-03-25,141833,2991,191922,20977982384,47043,0,107477,26641,7634,81
Company_G,2024-04-01,100079,2890,127399,13063388392,36642,0,74760,19730,5521,68
Company_G,2024-04-08,4434,94,5482,701730074,1762,0,3421,517,471,25
Company_G,2024-04-15,7285,138,8810,1107022263,2713,0,5263,1681,310,31
Company_G,2024-04-22,11188,186,14010,1507681277,3557,0,8899,1915,351,23
Company_G,2024-04-29,15171,168,19139,1937206236,4207,0,12750,2027,367,27
Company_G,2024-05-06,7496,72,9176,1099720377,2314,0,6199,945,331,21
Company_G,2024-05-13,8462,104,10925,1343969459,2483,0,6900,1324,227,11
Company_G,2024-05-20,8409,110,10122,1208333759,2383,0,6815,1263,308,23
Company_G,2024-05-27,6693,93,8311,1054301799,1828,0,5258,1184,240,11
Company_G,2024-06-03,11493,125,14351,1661630801,2809,0,9681,1300,490,22
Company_G,2024-06-10,6044,75,7755,946996927,1328,0,4751,993,296,4
Company_G,2024-06-17,5157,71,6405,807835579,1133,0,4021,901,233,2
Company_G,2024-06-24,7296,98,9003,1104779856,1527,0,5516,1234,534,12
Company_G,2024-07-01,8278,191,10642,1305568806,1455,0,6389,1427,447,15
Company_G,2024-07-08,6820,97,9431,1077392962,1452,0,5062,1300,447,11
Company_G,2024-07-15,5823,86,7595,898732506,1350,0,4416,1066,325,16
Company_G,2024-07-22,8376,113,11192,1211060239,1820,0,6102,1661,586,27
Company_G,2024-07-29,8146,88,10220,1174741043,1636,0,6101,1530,460,55
Company_G,2024-08-05,11275,69,14728,1646006742,1963,0,9341,1367,542,25
Company_G,2024-08-12,6451,51,8432,1002302455,1238,0,5230,879,320,22
Company_G,2024-08-19,6927,68,9009,1077390302,1482,0,5159,1346,390,32
Company_G,2024-08-26,8732,87,10928,1300738541,1872,0,6483,1731,483,35
Company_G,2024-09-02,7727,87,9811,1167005520,1555,0,5964,1429,297,37
Company_G,2024-09-09,9113,88,11489,1236553974,1938,0,7263,1369,446,35
Company_G,2024-09-16,5074,52,6497,788465742,1111,0,3919,872,255,28
Company_G,2024-09-23,8330,99,10374,1183664289,1701,0,6467,1501,325,37
Company_G,2024-09-30,10454,107,13096,1368786975,1696,0,8526,1505,352,71
Company_G,2024-10-07,14145,136,18638,1814135308,2762,0,10619,2145,1299,82
Company_G,2024-10-14,7883,93,10362,1101752586,1847,0,5791,1235,797,60
Company_G,2024-10-21,9269,114,11914,1274057280,2039,0,6998,1570,659,42
Company_G,2024-10-28,8975,84,11527,1273311390,1916,0,6860,1552,510,53
Company_G,2024-11-04,10767,123,14565,1411632664,2286,0,6943,1732,2014,78
Company_G,2024-11-11,18361,136,25864,2326629005,2947,0,16241,1463,598,59
Company_G,2024-11-18,6620,111,10062,1020536284,1705,0,5020,1244,309,47
Company_G,2024-11-25,9553,177,13092,1360922397,2289,0,7557,1636,313,47
Company_G,2024-12-02,8447,219,12313,1331569484,2042,0,6295,1814,281,57
Company_G,2024-12-09,14865,280,21677,2222080558,3601,0,12094,2197,532,42
Company_G,2024-12-16,7225,239,10032,1073314858,1959,0,5388,1509,298,30
Company_G,2024-12-23,9440,164,12794,1311236712,2088,0,7991,1091,325,33
Company_G,2024-12-30,8754,103,12484,1259853096,2001,0,7376,935,433,10
Company_G,2025-01-06,6738,62,10714,937331204,1420,0,5819,620,281,18
Company_G,2025-01-13,6713,163,9413,1017358373,1642,0,5413,961,319,20
Company_G,2025-01-20,8016,171,10565,1155921352,1867,0,6781,938,266,31
Company_G,2025-01-27,12638,275,18168,1985743504,2713,0,10711,1617,269,41
Company_G,2025-02-03,7577,261,9908,1214046476,1900,0,5590,1463,335,189
Company_G,2025-02-10,8424,222,11327,1398309250,2169,0,6332,1655,275,162
Company_G,2025-02-17,10201,286,13922,1786635568,2996,0,7709,2109,369,14
Company_G,2025-02-24,43988,771,59151,7085248847,10099,0,38231,5028,703,26
Company_G,2025-03-03,74566,1705,99006,12374095227,19993,0,61011,11540,1982,33
Company_G,2025-03-10,98830,2383,127394,15858733583,27298,0,78572,18097,2110,51
Company_G,2025-03-17,106006,2927,135186,16532447597,29583,0,79229,23305,3402,70
Company_G,2025-03-24,35195,1147,43481,4995460369,9164,0,27190,6853,1094,58
Company_G,2025-03-31,7406,329,9028,1121173765,2225,0,5362,1745,282,17
Company_G,2025-04-07,5024,146,5921,803369873,1354,0,3795,1094,114,21
Company_G,2025-04-14,5250,135,6577,817481040,1439,0,4093,1024,118,15
Company_G,2025-04-21,6404,183,7789,991558078,1589,0,5114,1091,153,46
Company_G,2025-04-28,7019,244,8366,1089928852,1804,0,5531,1324,127,37
Company_G,2025-05-05,5977,190,7332,938440326,1634,0,4753,988,175,61
Company_G,2025-05-12,5281,134,6704,877288641,1578,0,4254,877,124,26
Company_G,2025-05-19,7401,182,9158,1143006881,2072,0,5997,1242,128,34
Company_G,2025-05-26,7597,202,9237,1127719964,2303,0,6152,1269,156,20
Company_G,2025-06-02,8975,245,11541,1359892305,2635,0,7344,1396,201,34
Company_G,2025-06-09,6173,178,7503,963242477,1706,0,5036,995,111,31
Company_G,2025-06-16,6150,118,7505,965609588,1818,0,5365,664,99,22
Company_G,2025-06-23,6751,178,8511,1110333551,1744,0,5839,758,118,36
Company_G,2025-06-30,6799,147,8649,1106056157,1604,0,5794,851,130,24
Company_G,2025-07-07,6021,120,7557,959611856,1483,0,5121,726,149,25
Company_G,2025-07-14,4469,149,5643,703742878,1168,0,3683,639,113,34
Company_G,2025-07-21,4790,174,6131,753156759,1183,0,3956,673,135,26
Company_G,2025-07-28,4489,194,5731,696465072,1100,0,3369,944,113,63
Company_G,2025-08-04,6817,202,8971,1053290371,1532,0,5348,1193,229,47
Company_G,2025-08-11,5730,163,7261,863435381,1484,0,4233,1323,150,24
Company_G,2025-08-18,5989,177,7696,918560964,1831,0,3809,1920,223,37
Company_G,2025-08-25,9128,229,11204,1324430718,2709,0,5457,3287,333,51
Company_G,2025-09-01,9289,6012,12865,1173711810,2284,0,6676,2389,185,39
Company_G,2025-09-08,9762,255,12368,1419338706,2884,0,6701,2621,389,51
Company_G,2025-09-15,7632,192,9508,1172976514,2716,0,4625,2726,203,78
Company_G,2025-09-22,11847,225,15146,1784167710,3411,0,8023,3385,367,72
Company_G,2025-09-29,7221,282,9259,1134669277,2210,0,4921,2098,159,43
Company_G,2025-10-06,8990,307,11763,1332834262,2566,0,6956,1778,218,38
Company_G,2025-10-13,5519,161,6955,836419707,1628,0,4560,771,149,39
Company_G,2025-10-20,7068,136,9181,1122115528,2105,0,5737,1082,155,94
Company_G,2025-10-27,7441,196,9315,1154161207,2333,0,5315,1815,146,165
Company_G,2025-11-03,8315,200,10140,1252742540,2791,0,5767,2291,103,154
Company_G,2025-11-10,11425,232,15351,1744012085,3191,0,8247,2739,385,54
Company_G,2025-11-17,9023,227,11703,1383936310,2854,0,6045,2790,120,68
Company_G,2025-11-24,12963,276,16667,1932435878,3497,0,9897,2790,233,43
Company_G,2025-12-01,11521,488,14304,1734123092,3463,0,7786,3506,167,62
Company_G,2025-12-08,19262,583,25745,2892328124,5555,0,14657,4168,416,21
Company_G,2025-12-15,10136,254,12922,1547985217,3445,0,6961,2957,175,43
Company_G,2025-12-22,11484,277,14407,1722525995,3865,0,8018,3110,297,59
Company_G,2025-12-29,8889,197,11152,1283383120,2796,0,7174,1463,193,59
Company_J,2024-01-01,14617,190,20880,1986595953,4348,0,9343,5135,0,139
Company_J,2024-01-08,10855,123,15083,1454065655,3006,0,7238,3502,0,115
Company_J,2024-01-15,10996,128,14903,1414834570,3548,0,7078,3824,0,94
Company_J,2024-01-22,13902,180,19420,1883356184,4386,0,8529,5271,0,102
Company_J,2024-01-29,17353,193,24042,2411413840,4811,0,10947,6291,0,115
Company_J,2024-02-05,11049,105,14746,1504917976,3401,0,7028,3903,0,118
Company_J,2024-02-12,9687,94,12905,1343224665,3275,0,6088,3529,0,70
Company_J,2024-02-19,9365,102,12762,1354133005,2700,0,6155,3145,0,65
Company_J,2024-02-26,14271,164,19038,2005935526,3567,0,9641,4543,0,87
Company_J,2024-03-04,12392,162,16676,1750795087,3471,0,7588,4717,0,87
Company_J,2024-03-11,19763,279,26779,2812408785,6525,0,12171,7454,0,138
Company_J,2024-03-18,26686,497,35292,3816965103,8917,0,17449,9094,0,143
Company_J,2024-03-25,42677,826,54915,6086367646,14267,0,27337,15166,0,174
Company_J,2024-04-01,30876,688,39269,4390445871,10265,0,19853,10854,0,169
Company_J,2024-04-08,9022,304,12207,1393370430,3150,0,4647,4297,0,78
Company_J,2024-04-15,9860,207,13286,1521920645,2863,0,6057,3696,0,107
Company_J,2024-04-22,9467,190,13062,1489502616,2588,0,5912,3480,0,75
Company_J,2024-04-29,11340,189,15115,1747471599,2847,0,7347,3926,0,67
Company_J,2024-05-06,8902,148,12408,1367291428,2303,0,5308,3498,0,96
Company_J,2024-05-13,7876,181,11197,1242424949,2209,0,4150,3665,0,61
Company_J,2024-05-20,9435,201,13516,1481494803,2576,0,5411,3962,0,62
Company_J,2024-05-27,9674,199,13569,1479446613,2585,0,5416,4192,0,66
Company_J,2024-06-03,12564,240,17451,1893183295,2954,0,7926,4570,0,68
Company_J,2024-06-10,8437,196,12132,1338428148,2265,0,4782,3567,0,88
Company_J,2024-06-17,7754,146,10996,1209947675,2192,0,4544,3141,0,69
Company_J,2024-06-24,10223,189,14594,1555906817,2587,0,6065,4096,0,62
Company_J,2024-07-01,8497,204,12705,1404268534,2010,0,4141,4283,0,73
Company_J,2024-07-08,6767,132,9733,1026077032,1645,0,4140,2571,0,56
Company_J,2024-07-15,7625,111,10680,1091904551,2016,0,4705,2861,0,59
Company_J,2024-07-22,8998,136,12464,1303140957,2185,0,5738,3201,0,59
Company_J,2024-07-29,10879,220,14756,1554895207,2864,0,6376,4436,0,67
Company_J,2024-08-05,13987,213,18982,2012663000,3352,0,9080,4832,0,75
Company_J,2024-08-12,11214,216,15872,1638831239,2953,0,6853,4262,0,99
Company_J,2024-08-19,12709,221,17918,1769440706,3277,0,7975,4667,0,67
Company_J,2024-08-26,17399,281,24083,2443200132,4318,0,10915,6400,0,84
Company_J,2024-09-02,18952,307,26194,2665116138,4578,0,12052,6819,0,81
Company_J,2024-09-09,18549,278,25574,2519038774,4280,0,12844,5624,0,81
Company_J,2024-09-16,11918,173,16642,1630356245,2999,0,7814,4005,0,99
Company_J,2024-09-23,14393,178,19744,1971596305,3387,0,9718,4607,0,68
Company_J,2024-09-30,12655,197,17127,1849198680,3015,0,7888,4687,0,80
Company_J,2024-10-07,14257,169,19425,2072299468,3005,0,10175,4012,0,70
Company_J,2024-10-14,9140,93,12828,1420141905,2152,0,6211,2855,0,74
Company_J,2024-10-21,10399,127,14109,1574004098,2425,0,7104,3246,0,49
Company_J,2024-10-28,10452,191,14335,1667254984,2451,0,6669,3727,0,56
Company_J,2024-11-04,12357,345,16918,2000388336,2852,0,7747,4552,0,58
Company_J,2024-11-11,12349,256,16503,1879589432,2618,0,8540,3741,0,68
Company_J,2024-11-18,10111,203,13935,1573589161,2458,0,6935,3110,0,66
Company_J,2024-11-25,13762,332,18648,2106771384,3092,0,9586,4108,0,68
Company_J,2024-12-02,13987,401,19047,2116437460,3213,0,9858,4077,0,52
Company_J,2024-12-09,18927,503,25493,2822513284,4109,0,14119,4741,0,67
Company_J,2024-12-16,11525,326,15560,1692409785,2729,0,8238,3230,0,57
Company_J,2024-12-23,10615,384,14344,1649263447,2387,0,7227,3319,0,69
Company_J,2024-12-30,10272,389,14045,1639008350,2279,0,6684,3537,0,51
Company_J,2025-01-06,8433,258,11824,1378310213,1865,0,5648,2741,0,44
Company_J,2025-01-13,9152,326,12571,1512165388,2084,0,5704,3398,0,50
Company_J,2025-01-20,10594,344,14608,1745494899,2341,0,6955,3587,0,52
Company_J,2025-01-27,12249,399,16319,1864046165,3019,0,8156,4054,0,39
Company_J,2025-02-03,9516,399,13063,1508580882,2419,0,5577,3869,0,70
Company_J,2025-02-10,9350,348,12559,1453492598,2364,0,5837,3450,0,63
Company_J,2025-02-17,7590,278,10485,1228662334,2121,0,4601,2914,0,75
Company_J,2025-02-24,15327,501,20813,2411960063,3793,0,10392,4863,0,72
Company_J,2025-03-03,21905,757,29573,3468646154,6017,0,13969,7848,0,88
Company_J,2025-03-10,27120,1027,36414,4330765185,8633,0,15736,11289,0,95
Company_J,2025-03-17,33625,1362,44123,5356357873,10901,0,18468,15043,0,114
Company_J,2025-03-24,13778,570,18334,2165632874,3849,0,8317,5391,0,70
Company_J,2025-03-31,8524,286,11500,1390815060,2320,0,5204,3288,0,32
Company_J,2025-04-07,7154,197,9665,1154012941,1934,0,4433,2674,0,47
Company_J,2025-04-14,6614,174,8728,1061306738,1619,0,4370,2200,0,44
Company_J,2025-04-21,7310,272,9717,1206575372,1737,0,4549,2731,0,30
Company_J,2025-04-28,8926,392,11824,1525179549,2399,0,4200,4690,0,36
Company_J,2025-05-05,7597,328,10413,1328791191,1830,0,4194,3360,0,43
Company_J,2025-05-12,6524,290,8950,1161286187,1775,0,3388,3079,0,57
Company_J,2025-05-19,7972,376,10824,1446377148,2225,0,3924,4015,0,33
Company_J,2025-05-26,10543,537,14278,1912827539,3361,0,4644,5855,0,44
Company_J,2025-06-02,12480,581,17035,2240451623,3619,0,5870,6549,0,61
Company_J,2025-06-09,11552,613,15681,2102466865,3461,0,5194,6303,0,55
Company_J,2025-06-16,10261,477,13870,1816054339,2923,0,5464,4758,0,39
Company_J,2025-06-23,12871,608,17762,2231647660,3443,0,7325,5508,0,38
Company_J,2025-06-30,12794,600,17724,2328786655,3506,0,6549,6204,0,41
Company_J,2025-07-07,11622,530,16254,2158275494,3272,0,6048,5523,0,51
Company_J,2025-07-14,10350,598,13938,1792938103,3169,0,4940,5369,0,41
Company_J,2025-07-21,10944,540,14812,1947487001,3238,0,5615,5273,0,56
Company_J,2025-07-28,11223,630,15392,2029132105,3179,0,5616,5562,0,45
Company_J,2025-08-04,13194,615,18030,2284290043,3395,0,7267,5874,0,53
Company_J,2025-08-11,10133,446,13870,1922952717,3271,0,3786,6305,0,42
Company_J,2025-08-18,10708,431,14742,2177977612,3721,0,3465,7200,0,43
Company_J,2025-08-25,15614,436,20871,3172489508,4870,0,4633,10938,0,43
Company_J,2025-09-01,12504,548,16611,2476041622,4162,0,3898,8562,0,44
Company_J,2025-09-08,13520,458,18177,2646297795,4335,0,4968,8517,0,35
Company_J,2025-09-15,11206,333,15028,2210999670,3780,0,3588,7571,0,47
Company_J,2025-09-22,14900,358,19875,2879108051,4728,0,6134,8743,0,23
Company_J,2025-09-29,9834,395,13401,1910573936,2860,0,4168,5645,0,21
Company_J,2025-10-06,9803,455,13400,1875823678,2491,0,5417,4344,0,42
Company_J,2025-10-13,6217,382,8659,1204286946,1830,0,3022,3152,0,43
Company_J,2025-10-20,10278,357,14041,1820903423,3167,0,5199,5050,0,29
Company_J,2025-10-27,11757,469,15870,2140784439,3948,0,4015,7714,0,28
Company_J,2025-11-03,10828,432,14959,1970073350,3382,0,4285,6518,0,25
Company_J,2025-11-10,13002,448,18619,2446264100,3706,0,6342,6620,0,40
Company_J,2025-11-17,10417,362,14785,1971885304,3696,0,4376,6000,0,41
Company_J,2025-11-24,12645,412,17534,2262230861,3597,0,6486,6128,0,31
Company_J,2025-12-01,12664,732,17801,2353320756,3695,0,5670,6941,0,53
Company_J,2025-12-08,19802,867,28806,3703295576,5556,0,9708,10045,0,49
Company_J,2025-12-15,11909,475,17120,2252816711,3949,0,4788,7084,0,37
Company_J,2025-12-22,12708,509,17835,2323247323,4202,0,5303,7350,0,55
Company_J,2025-12-29,7280,280,10278,1303678060,2285,0,3549,3718,0,13
Company_A,2024-01-01,45767,1679,49063,4037641575,34287,0,20675,18754,6338,0
Company_A,2024-01-08,35148,1186,37532,3130591007,26232,0,14791,16164,4193,0
Company_A,2024-01-15,32654,1072,34861,2883359727,24457,0,13469,15452,3733,0
Company_A,2024-01-22,36666,1286,39337,3236521842,26900,0,15269,17243,4154,0
Company_A,2024-01-29,49011,1331,52071,4267515805,34940,0,22080,21317,5614,0
Company_A,2024-02-05,39999,888,42470,3493533927,29538,0,16213,18891,4895,0
Company_A,2024-02-12,36105,802,38265,3160174999,27660,0,14988,17175,3942,0
Company_A,2024-02-19,32214,1046,34480,2874348149,23419,0,13428,15308,3478,0
Company_A,2024-02-26,40940,1225,43896,3688251087,28540,0,17143,19626,4171,0
Company_A,2024-03-04,30212,850,32835,2765126400,20937,0,11573,14808,3831,0
Company_A,2024-03-11,25580,688,27819,2409562912,17616,0,10316,12450,2814,0
Company_A,2024-03-18,30666,1107,33216,2919025815,21959,0,11940,15293,3433,0
Company_A,2024-03-25,53285,2232,57194,5170145659,38534,0,18690,28785,5810,0
Company_A,2024-04-01,52473,2601,56121,5066649688,37067,0,21472,25895,5106,0
Company_A,2024-04-08,51266,2329,54879,4518595116,41972,0,24408,20963,5895,0
Company_A,2024-04-15,50049,1542,54968,4544325841,39306,0,25390,18647,6012,0
Company_A,2024-04-22,35451,1337,38852,3513423666,26572,0,15606,14838,5007,0
Company_A,2024-04-29,39649,1592,43251,3989034757,28418,0,16457,17856,5336,0
Company_A,2024-05-06,33629,1458,36204,3371338082,24312,0,13416,15888,4325,0
Company_A,2024-05-13,31397,1444,33728,3220768123,22851,0,12700,16039,2658,0
Company_A,2024-05-20,28092,1119,30493,2850178548,19751,0,12402,12571,3119,0
Company_A,2024-05-27,34651,1443,37260,3527177107,24048,0,14737,15753,4161,0
Company_A,2024-06-03,46801,1947,50851,4734875204,33208,0,19016,21906,5879,0
Company_A,2024-06-10,41578,2165,44966,4363157580,31230,0,14723,22855,4000,0
Company_A,2024-06-17,37505,1875,40614,3878096861,28891,0,13625,20736,3144,0
Company_A,2024-06-24,55714,2422,60831,5654893965,42250,0,21138,29106,5470,0
Company_A,2024-07-01,88647,3976,97082,8984393436,67122,0,35661,44967,8019,0
Company_A,2024-07-08,85874,3622,93343,8515693460,67246,0,33090,41806,10978,0
Company_A,2024-07-15,58465,3123,64109,6047839916,45498,0,18850,34519,5096,0
Company_A,2024-07-22,72278,3874,80561,7561065078,54429,0,21844,44784,5650,0
Company_A,2024-07-29,79113,4377,86487,8374104285,58203,0,24263,49148,5702,0
Company_A,2024-08-05,96834,5184,107267,9850319423,70419,0,34183,52699,9952,0
Company_A,2024-08-12,51642,2566,57095,5422797386,37542,0,19745,25305,6592,0
Company_A,2024-08-19,55390,3008,60197,5700344149,40369,0,21132,29750,4508,0
Company_A,2024-08-26,59683,3806,65044,6217604868,43721,0,18095,37429,4159,0
Company_A,2024-09-02,66074,3536,72213,6695194274,44752,0,22608,39594,3872,0
Company_A,2024-09-09,62833,3067,67242,6612157952,44994,0,18293,39650,4890,0
Company_A,2024-09-16,50878,2653,54542,5455385660,37757,0,12325,35769,2784,0
Company_A,2024-09-23,66378,3962,75370,6993887438,48534,0,15133,48117,3128,0
Company_A,2024-09-30,72349,3900,77728,7866942755,52073,0,14253,54896,3200,0
Company_A,2024-10-07,75529,3712,83216,8167606886,54290,0,17568,51675,6285,1
Company_A,2024-10-14,63111,3299,66862,6865999387,46772,0,12557,45537,5017,0
Company_A,2024-10-21,66660,3569,71177,7302176327,48561,0,14077,47509,5074,0
Company_A,2024-10-28,59412,3444,63657,6699474805,42095,0,15935,39883,3594,0
Company_A,2024-11-04,59250,4498,62826,7056369327,41816,0,14159,41341,3750,0
Company_A,2024-11-11,49961,3102,53866,5939521981,35290,0,13820,31316,4824,1
Company_A,2024-11-18,40322,2422,43336,4671166920,28107,0,14009,23011,3302,0
Company_A,2024-11-25,46812,3319,50283,5407398351,31292,0,18341,25111,3360,0
Company_A,2024-12-02,50029,4637,53037,5854598094,34299,0,17364,30276,2389,0
Company_A,2024-12-09,59317,5329,64135,6906741581,41026,0,21667,33880,3770,0
Company_A,2024-12-16,37849,3617,40197,4470206404,26774,0,12554,23690,1605,0
Company_A,2024-12-23,45646,4823,48549,5443132952,31876,0,14041,29769,1836,0
Company_A,2024-12-30,45143,3747,47996,5109175902,30765,0,16745,25891,2507,0
Company_A,2025-01-06,33159,2747,36288,3755674032,21824,0,12254,19644,1261,0
Company_A,2025-01-13,30336,2611,32450,3449350742,20754,0,10791,18359,1186,0
Company_A,2025-01-20,31916,2580,34193,3495012249,20929,0,12822,17652,1442,0
Company_A,2025-01-27,38176,2907,40471,4191045438,24330,0,16009,20310,1857,0
Company_A,2025-02-03,34467,2780,36436,3817611876,22908,0,12720,20094,1653,0
Company_A,2025-02-10,31205,2433,32910,3404987766,21177,0,12031,18187,987,0
Company_A,2025-02-17,27010,2177,28651,3005992838,18608,0,9661,16298,1051,0
Company_A,2025-02-24,28390,2122,30736,3312800546,17974,0,10879,16286,1225,0
Company_A,2025-03-03,30737,2494,32802,3689804054,20409,0,10356,19291,1090,0
Company_A,2025-03-10,39862,3391,41674,4870090971,27458,0,10570,28388,904,0
Company_A,2025-03-17,48578,4504,50880,6000227888,35484,0,10023,37281,1274,0
Company_A,2025-03-24,37918,4443,39555,4554645817,28600,0,7419,29836,663,0
Company_A,2025-03-31,57213,5259,60069,6535270686,45055,0,15338,40141,1734,0
Company_A,2025-04-07,47436,4059,50434,5499137989,34698,0,13201,33083,1152,0
Company_A,2025-04-14,37758,3842,39739,4435109639,27932,0,8003,28855,900,0
Company_A,2025-04-21,41577,4309,44123,4902328719,30579,0,8861,31578,1138,0
Company_A,2025-04-28,46055,5003,48569,5441975298,32654,0,10045,34966,1044,0
Company_A,2025-05-05,44664,4462,47506,5273102704,31577,0,11154,32343,1167,0
Company_A,2025-05-12,39727,4291,41733,4695250744,28404,0,9439,29383,905,0
Company_A,2025-05-19,44852,4930,47698,5175553824,32117,0,11361,32555,936,0
Company_A,2025-05-26,49063,5293,51714,5708260643,35223,0,10964,36987,1112,0
Company_A,2025-06-02,52218,5750,55968,6016627501,37424,0,13349,37431,1438,0
Company_A,2025-06-09,43148,4727,45877,4905953130,31678,0,10911,31416,821,0
Company_A,2025-06-16,44330,4552,47471,5128458006,32979,0,12708,30665,957,0
Company_A,2025-06-23,53833,5660,58326,6253488765,38576,0,18346,34212,1275,0
Company_A,2025-06-30,78590,6486,84777,8923192073,57315,0,28789,47806,1995,0
Company_A,2025-07-07,93961,7543,100675,10766335474,69806,0,33433,57629,2899,0
Company_A,2025-07-14,52808,5420,56455,6219837853,38786,0,15930,35472,1406,0
Company_A,2025-07-21,48420,5507,52364,5757335718,35071,0,13953,33156,1311,0
Company_A,2025-07-28,58280,6685,62654,6942061761,41077,0,17072,40057,1151,0
Company_A,2025-08-04,77298,7956,84482,8426870374,53130,0,24298,51097,1903,0
Company_A,2025-08-11,64715,5294,71492,7384886659,45751,0,18066,45350,1299,0
Company_A,2025-08-18,77831,6370,81407,9020657829,58390,0,15594,61135,1102,0
Company_A,2025-08-25,80691,4905,84308,9619599471,58137,0,13487,66024,1180,0
Company_A,2025-09-01,52405,4185,54618,6575433776,36594,0,10816,40744,845,0
Company_A,2025-09-08,66604,4231,69219,8302150513,47967,0,13990,51314,1300,0
Company_A,2025-09-15,66239,4192,68785,7849447006,48523,0,11151,54300,788,0
Company_A,2025-09-22,90134,3907,94688,10314563466,65305,0,20214,68573,1347,0
Company_A,2025-09-29,55082,4747,57746,6326793334,37419,0,12914,41464,704,0
Company_A,2025-10-06,47736,5018,50602,5286073444,32542,0,14552,32350,834,0
Company_A,2025-10-13,35220,4357,37227,3896743093,25098,0,9675,24917,628,0
Company_A,2025-10-20,43678,4383,46179,4910282100,31548,0,9451,33427,800,0
Company_A,2025-10-27,66385,5413,69171,7631771296,47515,0,10432,55188,765,0
Company_A,2025-11-03,86312,7776,90121,9450436298,63503,0,13581,72084,647,0
Company_A,2025-11-10,96709,7039,100987,10643143879,69870,0,16474,78899,1336,0
Company_A,2025-11-17,68244,4912,71563,7525887436,49833,0,13183,54367,694,0
Company_A,2025-11-24,69840,6041,73836,7870296093,50179,0,13899,54933,1008,0
Company_A,2025-12-01,102087,14411,107984,11518615905,73770,0,16119,85134,834,0
Company_A,2025-12-08,128450,15767,133759,14863651084,93265,0,20694,106269,1487,0
Company_A,2025-12-15,85553,7773,89236,10242467136,64463,0,8198,76781,574,0
Company_A,2025-12-22,82625,6691,85874,9508512409,62233,0,9997,72098,530,0
Company_A,2025-12-29,44764,3851,46716,5025329420,33745,0,6709,37732,323,0
Company_D,2024-01-01,30021,454,40527,2662149035,18621,0,21316,4179,4519,7
Company_D,2024-01-08,28098,456,38875,2468668908,17812,0,18009,6191,3896,2
Company_D,2024-01-15,23638,278,33303,2112135627,14652,0,15787,4077,3771,3
Company_D,2024-01-22,26154,392,35931,2300056454,16293,0,17615,4944,3585,10
Company_D,2024-01-29,31405,295,41513,2643430524,18924,0,22647,4304,4449,5
Company_D,2024-02-05,27520,384,36739,2341072671,17782,0,18543,5114,3855,8
Company_D,2024-02-12,28516,366,37756,2397828238,18931,0,19577,5135,3798,6
Company_D,2024-02-19,28782,365,38896,2404303278,18229,0,20580,4437,3758,7
Company_D,2024-02-26,31888,403,41671,2534584749,20052,0,22744,4949,4156,39
Company_D,2024-03-04,27342,350,37517,2366250844,17387,0,17888,4727,4709,18
Company_D,2024-03-11,28017,350,37023,2395424717,17601,0,19853,4793,3356,15
Company_D,2024-03-18,32125,697,40578,2621921151,20697,0,21004,6790,4310,21
Company_D,2024-03-25,35688,664,42917,2853530695,22861,0,24019,5545,6099,25
Company_D,2024-04-01,25835,427,29974,2013994030,16386,0,17624,3346,4854,11
Company_D,2024-04-08,17507,535,21112,1402257268,12728,0,9721,4812,2973,1
Company_D,2024-04-15,27731,810,37601,2480218013,19241,0,16759,7001,3853,118
Company_D,2024-04-22,25569,674,34000,2191875323,16902,0,16060,5641,3858,10
Company_D,2024-04-29,30336,937,39943,2604649729,20370,0,16529,9807,3984,16
Company_D,2024-05-06,23819,576,32002,2177879839,15199,0,14809,5492,3501,17
Company_D,2024-05-13,24938,656,34064,2303326084,16234,0,15808,6267,2844,19
Company_D,2024-05-20,24884,658,32867,2183296914,15978,0,16323,5569,2974,18
Company_D,2024-05-27,24049,620,31698,2184101573,15167,0,15342,5230,3462,15
Company_D,2024-06-03,33104,503,43937,3026359182,20576,0,22773,5158,5147,26
Company_D,2024-06-10,27166,690,36032,2451355326,18305,0,15964,7103,4072,27
Company_D,2024-06-17,25614,629,33153,2261076326,17458,0,15106,6476,4018,14
Company_D,2024-06-24,30456,509,39886,2672389954,20459,0,19254,6246,4935,21
Company_D,2024-07-01,38159,858,48154,3259813081,25331,0,23817,7626,6700,16
Company_D,2024-07-08,29680,610,39548,2660051429,20364,0,17657,6111,5901,11
Company_D,2024-07-15,17092,456,22056,1457969576,11852,0,10159,4746,2181,6
Company_D,2024-07-22,17005,361,24752,1481909070,10887,0,11272,3899,1830,4
Company_D,2024-07-29,23440,599,30426,1953568156,15262,0,14665,5942,2829,4
Company_D,2024-08-05,30231,749,39031,2479354614,19511,0,20104,5921,4204,2
Company_D,2024-08-12,22990,500,29463,1927914419,15328,0,15323,4618,3035,14
Company_D,2024-08-19,27830,469,36049,2259709338,18488,0,19935,5139,2743,13
Company_D,2024-08-26,27477,626,34471,2242998256,18441,0,17794,6647,3020,16
Company_D,2024-09-02,34450,698,47392,2629580830,22414,0,23006,8236,3200,8
Company_D,2024-09-09,31780,495,39872,2484788969,21241,0,22076,6116,3578,10
Company_D,2024-09-16,22948,546,28993,1911823476,15796,0,13194,7268,2472,14
Company_D,2024-09-23,25091,642,30502,2041204795,17250,0,14538,7931,2615,7
Company_D,2024-09-30,22263,476,27038,1839183567,14425,0,14384,5341,2527,11
Company_D,2024-10-07,23638,321,28762,1953505110,15455,0,16899,3916,2817,6
Company_D,2024-10-14,20230,255,24992,1687721747,13256,0,13968,3349,2892,21
Company_D,2024-10-21,22921,350,28163,1854269733,14943,0,16119,3836,2945,21
Company_D,2024-10-28,21129,319,25723,1620919604,13500,0,15660,2990,2466,13
Company_D,2024-11-04,22459,576,27568,1792636540,14384,0,15686,3824,2937,12
Company_D,2024-11-11,26978,703,33266,2222564402,17437,0,18950,4248,3753,27
Company_D,2024-11-18,22644,746,28807,1945991355,14887,0,15628,4374,2623,19
Company_D,2024-11-25,29082,1366,35529,2474562803,19288,0,18803,7395,2863,21
Company_D,2024-12-02,29155,1361,36740,2437313014,19220,0,18560,7805,2774,16
Company_D,2024-12-09,37715,1555,45650,3047616248,25733,0,25325,8776,3600,14
Company_D,2024-12-16,20115,713,26439,1867288813,13667,0,13046,4506,2539,24
Company_D,2024-12-23,20718,849,25397,1765467916,13851,0,13623,4690,2394,11
Company_D,2024-12-30,24364,845,29996,2114743348,15605,0,17107,4715,2531,11
Company_D,2025-01-06,19485,604,24695,1732194662,12173,0,13316,3898,2246,25
Company_D,2025-01-13,21106,957,26799,1927000965,13460,0,14033,4866,2182,25
Company_D,2025-01-20,21715,932,26694,1896186048,14114,0,14405,4911,2377,22
Company_D,2025-01-27,24743,1241,30655,2115620464,15915,0,16428,6156,2150,9
Company_D,2025-02-03,22132,961,26476,1863836175,13916,0,14793,4730,2597,12
Company_D,2025-02-10,20470,780,25717,1756117360,13088,0,14006,4344,2104,16
Company_D,2025-02-17,18829,736,23538,1648000273,12127,0,12827,3920,2064,18
Company_D,2025-02-24,24194,864,30271,2031953530,15655,0,16761,5378,2047,8
Company_D,2025-03-03,24269,577,29948,2081332975,15574,0,17689,4460,2107,13
Company_D,2025-03-10,27294,899,32657,2318840172,18376,0,17762,6892,2633,7
Company_D,2025-03-17,33913,1509,39834,2782487725,23251,0,20886,9684,3319,24
Company_D,2025-03-24,26918,1885,31168,2218513427,18346,0,15838,9456,1615,9
Company_D,2025-03-31,29959,1845,35036,2498343320,21911,0,17714,9915,2329,1
Company_D,2025-04-07,31891,1008,38725,2695006494,21378,0,22830,7060,1989,12
Company_D,2025-04-14,33461,2355,41030,2884189648,23708,0,17969,13657,1822,13
Company_D,2025-04-21,28175,1459,35493,2559725387,19343,0,17200,9246,1723,6
Company_D,2025-04-28,20528,997,25314,1828745682,13358,0,13968,5146,1409,5
Company_D,2025-05-05,21149,1052,26127,1870610107,14347,0,14103,5630,1394,22
Company_D,2025-05-12,32241,2517,39269,2691744955,22966,0,17538,13560,1129,14
Company_D,2025-05-19,27453,1619,34046,2497207278,18741,0,17551,8461,1426,15
Company_D,2025-05-26,36049,2663,43562,3126512274,26070,0,19310,15081,1640,18
Company_D,2025-06-02,35243,2196,43740,3079400808,24350,0,22155,10995,2080,13
Company_D,2025-06-09,26163,1144,33884,2481070286,17862,0,17965,6568,1619,11
Company_D,2025-06-16,26338,1453,33549,2397167187,19212,0,15974,8707,1645,12
Company_D,2025-06-23,27561,1697,34997,2505714486,20037,0,17891,8255,1404,11
Company_D,2025-06-30,37391,1868,45397,3295184610,26360,0,24351,11356,1672,12
Company_D,2025-07-07,27898,1066,34081,2491287426,19511,0,20875,5665,1343,15
Company_D,2025-07-14,20731,1067,26165,1924610750,14893,0,14608,5246,859,18
Company_D,2025-07-21,20549,1002,25164,1877884190,14429,0,14761,4809,973,6
Company_D,2025-07-28,21320,988,26112,1851921037,14648,0,14465,5947,895,13
Company_D,2025-08-04,24912,1378,33164,2379476807,17204,0,15856,7770,1272,14
Company_D,2025-08-11,16806,978,20897,1516795306,11966,0,10936,5113,744,13
Company_D,2025-08-18,16959,679,20939,1564200438,12148,0,11624,4578,750,7
Company_D,2025-08-25,19726,742,23797,1779470062,14508,0,11548,7402,772,4
Company_D,2025-09-01,18978,1299,22921,1660610142,13589,0,12197,6027,741,13
Company_D,2025-09-08,36466,2123,43307,3122262232,27377,0,17055,18109,1269,33
Company_D,2025-09-15,27630,1547,33041,2473169847,20796,0,15010,11722,867,31
Company_D,2025-09-22,38597,1134,45978,3468354812,29269,0,20161,16916,1485,35
Company_D,2025-09-29,20313,977,24135,1766756019,14490,0,12592,6935,771,15
Company_D,2025-10-06,17945,836,22224,1609611000,12749,0,11629,5185,1107,24
Company_D,2025-10-13,16265,1031,20194,1475865448,12030,0,10865,4685,695,20
Company_D,2025-10-20,16131,909,21204,1533242008,11371,0,11214,4115,781,21
Company_D,2025-10-27,18858,991,23749,1798625446,13748,0,11992,6129,705,32
Company_D,2025-11-03,21606,1178,26774,1999542840,15903,0,12291,8624,671,20
Company_D,2025-11-10,23437,832,29426,2216124649,17136,0,15149,7242,1030,16
Company_D,2025-11-17,32182,1485,39380,3225728695,24266,0,20451,10958,756,17
Company_D,2025-11-24,21903,458,28543,2136297374,14947,0,16567,4293,1018,25
Company_D,2025-12-01,19793,1082,26202,1963555935,13510,0,13256,5773,724,40
Company_D,2025-12-08,29309,1329,36976,2697370558,20050,0,20544,7559,1166,40
Company_D,2025-12-15,16410,996,20815,1667244412,11971,0,9358,6468,561,23
Company_D,2025-12-22,22896,1318,27937,2177228422,17429,0,10707,11420,755,14
Company_D,2025-12-29,13377,519,17186,1330642567,9863,0,7773,5089,505,10
Company_I,2024-01-01,9398,341,10241,1504827956,4213,0,6580,2387,431,0
Company_I,2024-01-08,8241,285,8934,1320767911,3578,0,5649,2231,361,0
Company_I,2024-01-15,7702,267,8394,1233275828,3475,0,5147,2139,416,0
Company_I,2024-01-22,9430,292,10255,1503912291,4155,0,6298,2692,440,0
Company_I,2024-01-29,13248,367,14342,2064832833,5329,0,9616,3158,474,0
Company_I,2024-02-05,8544,259,9247,1362564486,3575,0,6240,1898,406,0
Company_I,2024-02-12,8600,281,9465,1394694934,3957,0,6117,2140,343,0
Company_I,2024-02-19,9516,322,10465,1546861794,4209,0,6548,2421,547,0
Company_I,2024-02-26,15140,553,19428,2517553579,6488,0,10006,4230,902,2
Company_I,2024-03-04,10658,402,11504,1685713593,5031,0,6077,3327,1254,0
Company_I,2024-03-11,12421,419,13384,1959829664,5811,0,7759,3436,1226,0
Company_I,2024-03-18,17226,710,18498,2702693016,8464,0,11072,4218,1936,0
Company_I,2024-03-25,21537,1103,26738,3592304926,10430,0,13608,5565,2363,1
Company_I,2024-04-01,15105,768,16505,2365923384,6446,0,11065,2791,1249,0
Company_I,2024-04-08,5788,310,6457,917261115,2544,0,4136,1383,269,0
Company_I,2024-04-15,10044,316,11074,1578367914,4257,0,7640,1896,508,0
Company_I,2024-04-22,10221,374,15073,1852721060,4307,0,7629,2014,576,2
Company_I,2024-04-29,11567,449,12732,1853604332,4771,0,8335,2675,557,0
Company_I,2024-05-06,8860,336,9770,1437651641,3659,0,6352,2018,490,0
Company_I,2024-05-13,8235,356,9063,1317936055,3778,0,5463,2472,300,0
Company_I,2024-05-20,8188,414,8941,1295551049,3930,0,4845,2984,359,0
Company_I,2024-05-27,9216,475,10156,1485676337,4467,0,5087,3823,306,0
Company_I,2024-06-03,11162,450,12245,1770953798,4863,0,7138,3347,677,0
Company_I,2024-06-10,10521,539,11326,1675342324,4943,0,6593,3446,482,0
Company_I,2024-06-17,11437,633,12386,1802147649,5802,0,6387,4480,570,0
Company_I,2024-06-24,14816,627,18174,2410202223,7060,0,8743,5155,917,1
Company_I,2024-07-01,18301,711,19805,2714054988,7578,0,12376,4974,951,0
Company_I,2024-07-08,11318,384,12487,1752379246,4803,0,8157,2405,756,0
Company_I,2024-07-15,10044,411,10976,1560238949,4704,0,6487,3051,506,0
Company_I,2024-07-22,10556,477,11260,1625309615,4874,0,6688,3367,501,0
Company_I,2024-07-29,11714,507,15318,2000816629,5097,0,7726,3477,510,1
Company_I,2024-08-05,16367,719,17443,2439227273,6827,0,11048,4200,1119,0
Company_I,2024-08-12,9854,472,10659,1553979431,4490,0,6255,2987,612,0
Company_I,2024-08-19,11763,562,14187,1888992447,5660,0,7254,3945,563,1
Company_I,2024-08-26,14696,721,15895,2240876010,7034,0,9345,4527,824,0
Company_I,2024-09-02,15030,772,17996,2431879506,6807,0,8875,5485,667,3
Company_I,2024-09-09,14045,628,15713,2199988586,6133,0,9477,3734,834,0
Company_I,2024-09-16,9532,473,10663,1521939369,4403,0,5914,3193,425,0
Company_I,2024-09-23,13573,665,15387,2074653645,6350,0,7666,5371,536,0
Company_I,2024-09-30,16007,800,17689,2518678665,7461,0,8417,7024,566,0
Company_I,2024-10-07,18366,694,21130,2746312875,7516,0,12554,4642,1170,0
Company_I,2024-10-14,11673,494,13199,1801721224,5024,0,7650,3314,709,0
Company_I,2024-10-21,14702,794,17862,2297599419,6985,0,7662,6288,752,0
Company_I,2024-10-28,14566,928,17967,2258850329,6824,0,8266,5790,510,0
Company_I,2024-11-04,17012,1173,18733,2518304004,8019,0,9322,7044,646,0
Company_I,2024-11-11,19405,1306,20942,2865327234,9041,0,12040,6254,1111,0
Company_I,2024-11-18,15084,1020,16462,2290233178,7656,0,9121,5352,611,0
Company_I,2024-11-25,17701,1278,19188,2725017107,8343,0,11356,5749,596,0
Company_I,2024-12-02,17808,1819,19176,2809123887,8677,0,10399,6764,645,0
Company_I,2024-12-09,31981,2372,34556,4495629951,14504,0,23195,7417,1369,0
Company_I,2024-12-16,15239,1257,16266,2167338729,7149,0,9827,4862,550,0
Company_I,2024-12-23,15532,1285,16921,2145650164,6935,0,10058,5030,444,0
Company_I,2024-12-30,17724,1154,19284,2406804587,7498,0,12288,4834,602,0
Company_I,2025-01-06,12809,962,14234,1859611414,5523,0,8369,3994,446,0
Company_I,2025-01-13,11671,840,12857,1715445293,5072,0,7981,3202,488,0
Company_I,2025-01-20,11777,868,16744,1709597767,4975,0,8245,3039,493,0
Company_I,2025-01-27,12586,825,13795,1850529351,5045,0,9228,2840,518,0
Company_I,2025-02-03,10297,741,11088,1497530547,4355,0,6792,2932,573,0
Company_I,2025-02-10,9593,710,10386,1448825832,4161,0,6106,2812,675,0
Company_I,2025-02-17,9853,626,15316,1212081407,3591,0,6912,2424,517,0
Company_I,2025-02-24,15660,1036,16657,2296865197,6546,0,10492,4211,957,0
Company_I,2025-03-03,21744,1595,23136,3238469415,9988,0,13942,5935,1867,0
Company_I,2025-03-10,23373,1939,24607,3587558953,11846,0,13397,8523,1453,0
Company_I,2025-03-17,23096,2187,24352,3580034791,12106,0,11910,9196,1990,0
Company_I,2025-03-24,10603,953,11303,1617320758,5141,0,6512,3406,685,0
Company_I,2025-03-31,11975,744,12601,1747414222,5406,0,7465,3346,1164,0
Company_I,2025-04-07,15047,1261,15816,2191116191,7452,0,8516,5956,575,0
Company_I,2025-04-14,12576,1152,13242,1900173463,6213,0,6990,5188,398,0
Company_I,2025-04-21,11676,1029,12329,1804956775,5718,0,6464,4541,671,0
Company_I,2025-04-28,10850,1110,18434,2411079588,5138,0,6083,4296,469,2
Company_I,2025-05-05,10691,1067,11500,1712360197,5108,0,6295,3820,575,1
Company_I,2025-05-12,9018,935,9534,1418998607,4591,0,4608,3798,612,0
Company_I,2025-05-19,11101,1144,11855,1719364663,5609,0,6008,4298,795,0
Company_I,2025-05-26,12158,1309,12931,1813072814,6327,0,6271,5435,452,0
Company_I,2025-06-02,15803,1544,16758,2285724957,7719,0,8847,5832,1124,0
Company_I,2025-06-09,11624,1079,12316,1690806333,6075,0,6259,5109,256,0
Company_I,2025-06-16,10389,1075,11020,1522752647,5667,0,6001,4223,165,0
Company_I,2025-06-23,11743,1123,12481,1698014117,6095,0,7450,4198,95,0
Company_I,2025-06-30,13558,1128,14340,1959947677,6649,0,8148,5276,134,0
Company_I,2025-07-07,11944,835,12677,1775310258,5519,0,8342,3396,206,0
Company_I,2025-07-14,7892,621,8392,1229176240,3864,0,5425,2366,101,0
Company_I,2025-07-21,8775,738,9299,1371722967,4318,0,5978,2667,130,0
Company_I,2025-07-28,8969,793,9460,1382019855,4408,0,6132,2747,90,0
Company_I,2025-08-04,13078,871,13737,1891213325,6196,0,9489,3383,206,0
Company_I,2025-08-11,10345,800,10853,1512672560,5698,0,5318,4919,108,0
Company_I,2025-08-18,11732,698,12349,1746739093,6760,0,5336,6283,113,0
Company_I,2025-08-25,15325,723,15885,2218637939,8724,0,7139,8003,183,0
Company_I,2025-09-01,18046,1187,19217,2596826016,10321,0,7417,10482,146,1
Company_I,2025-09-08,26942,1648,27870,3983618608,15679,0,10873,15656,413,0
Company_I,2025-09-15,15075,583,15828,2418340919,8364,0,7729,7185,161,0
Company_I,2025-09-22,22483,675,23497,3418987414,12429,0,12650,9565,268,0
Company_I,2025-09-29,14687,1070,15366,2149059992,7666,0,8631,5949,107,0
Company_I,2025-10-06,18833,1970,19671,2584573231,9796,0,10651,8049,133,0
Company_I,2025-10-13,9866,934,10308,1413835483,5206,0,6109,3669,88,0
Company_I,2025-10-20,13833,1240,14562,1916092477,7765,0,6996,6755,82,0
Company_I,2025-10-27,14618,1004,15264,2192429121,8113,0,7929,6610,79,0
Company_I,2025-11-03,17166,1196,17955,2593536473,9597,0,8241,8868,57,0
Company_I,2025-11-10,21241,1094,22323,3168827640,11550,0,11997,9029,215,0
Company_I,2025-11-17,17343,680,18522,2634668603,9930,0,10925,6315,103,0
Company_I,2025-11-24,20794,883,21848,3011442827,10448,0,12899,7762,133,0
Company_I,2025-12-01,20650,1820,21941,3220318448,10756,0,10494,10074,82,0
Company_I,2025-12-08,33414,2758,35399,4929553153,17182,0,16890,16271,253,0
Company_I,2025-12-15,15107,1059,16072,2329093949,8192,0,8003,7024,80,0
Company_I,2025-12-22,16438,940,17686,2408996629,8814,0,9254,7078,106,0
Company_I,2025-12-29,9700,347,10174,1399339734,4670,0,7025,2589,86,0
Company_F,2024-01-01,12390,199,31185,2347152575,0,0,7808,4242,164,176
Company_F,2024-01-08,8360,117,34034,1619862432,0,0,4778,3337,84,161
Company_F,2024-01-15,10966,288,28011,2512389175,0,0,4632,6134,89,111
Company_F,2024-01-22,15958,248,43161,3063542956,0,0,8161,7435,157,205
Company_F,2024-01-29,16368,124,28577,3136373977,0,0,10789,5289,121,169
Company_F,2024-02-05,7142,82,43024,3644703833,0,0,4076,2814,76,176
Company_F,2024-02-12,6918,88,18962,2086291097,0,0,4231,2540,66,81
Company_F,2024-02-19,9798,83,38932,3665767275,0,0,5878,3697,99,124
Company_F,2024-02-26,22322,347,55786,4130962024,0,0,12759,9132,218,213
Company_F,2024-03-04,11058,163,44270,2030423807,0,0,6119,4555,213,171
Company_F,2024-03-11,9581,129,53443,2024394575,0,0,5482,3839,108,152
Company_F,2024-03-18,10702,108,58339,2064235698,0,0,6792,3548,144,218
Company_F,2024-03-25,22545,258,41995,4179826791,0,0,15497,6433,338,277
Company_F,2024-04-01,16452,175,48452,2877112559,0,0,11096,4864,218,274
Company_F,2024-04-08,7149,84,10127,1312477829,0,0,4474,2554,73,48
Company_F,2024-04-15,10462,117,27340,2054077543,0,0,7335,2954,73,100
Company_F,2024-04-22,14548,221,75389,2916381389,0,0,9502,4743,112,191
Company_F,2024-04-29,18377,221,39991,3284531105,0,0,13598,4437,174,168
Company_F,2024-05-06,10623,86,27800,2017691094,0,0,8004,2324,120,175
Company_F,2024-05-13,10869,116,51746,2001061286,0,0,7532,3143,45,149
Company_F,2024-05-20,10940,125,30396,2184338663,0,0,7281,3298,91,270
Company_F,2024-05-27,12736,134,63345,2228595370,0,0,9345,3130,109,152
Company_F,2024-06-03,21153,230,44866,3799589462,0,0,16029,4535,414,175
Company_F,2024-06-10,9785,145,43063,1826018007,1,0,7090,2411,147,137
Company_F,2024-06-17,8034,116,24611,1477973194,0,0,5395,2460,58,121
Company_F,2024-06-24,14623,184,48704,2652308541,0,0,9807,4530,109,177
Company_F,2024-07-01,17399,353,43359,3523513850,0,0,10837,6293,105,164
Company_F,2024-07-08,8394,62,50449,3760768356,8,0,6388,1661,98,247
Company_F,2024-07-15,8109,89,33909,1574939100,18,0,5708,2140,44,217
Company_F,2024-07-22,16039,346,48769,2937994014,8,0,7686,7642,53,658
Company_F,2024-07-29,11744,101,58247,2174338933,7,0,8827,2735,83,99
Company_F,2024-08-05,14672,144,35246,2638576080,15,0,10664,3662,166,180
Company_F,2024-08-12,9809,530,48449,1776410451,6,0,5658,2668,91,1392
Company_F,2024-08-19,15619,189,30794,2685218693,4,0,10838,3947,85,749
Company_F,2024-08-26,16754,169,47146,2837101073,11,0,12232,3653,101,768
Company_F,2024-09-02,20825,309,47296,3498456934,11,0,12787,7002,73,963
Company_F,2024-09-09,22664,362,52144,3759348941,15,0,16222,5571,126,745
Company_F,2024-09-16,14585,83,44273,2528056037,6,0,11569,2636,49,331
Company_F,2024-09-23,25054,316,59784,4083128784,16,0,17439,7219,153,243
Company_F,2024-09-30,26856,271,89487,3494744921,13,0,19179,7490,59,128
Company_F,2024-10-07,36948,316,80282,5083436361,11,0,28999,7581,130,238
Company_F,2024-10-14,16019,108,75471,2414444538,17,0,12310,3431,71,207
Company_F,2024-10-21,21280,264,104464,3195077979,55,0,14595,5899,61,725
Company_F,2024-10-28,23509,427,53648,3638636864,15,0,17759,5542,73,135
Company_F,2024-11-04,23159,1096,52142,3472415126,10,0,15718,6593,292,556
Company_F,2024-11-11,23256,973,67342,3367178668,17,0,15910,6458,179,709
Company_F,2024-11-18,19729,763,55681,2622239712,12,0,15187,4278,151,113
Company_F,2024-11-25,24394,988,92808,3686174596,18,0,17783,6289,127,195
Company_F,2024-12-02,21440,2113,48946,3684952324,15,0,12503,8526,56,355
Company_F,2024-12-09,42576,4098,96265,7439965120,20,0,27818,14208,127,423
Company_F,2024-12-16,11746,1008,28829,1981853927,15,0,6508,5071,41,126
Company_F,2024-12-23,21298,1163,39415,3786453435,18,0,16006,5149,43,100
Company_F,2024-12-30,12847,548,30861,2113726922,7,0,9658,3026,61,102
Company_F,2025-01-06,9775,401,29663,1670218393,9,0,7484,2153,36,102
Company_F,2025-01-13,9785,374,46125,1532224835,8,0,7279,2109,52,345
Company_F,2025-01-20,12679,548,40870,4055182514,8,0,9750,2757,37,135
Company_F,2025-01-27,18333,647,39695,3620672262,12,0,15154,2992,40,147
Company_F,2025-02-03,9477,548,51966,1666970145,9,0,6892,2367,43,175
Company_F,2025-02-10,10906,657,51498,2192444628,14,0,7962,2570,175,199
Company_F,2025-02-17,9994,424,31153,1914006472,6,0,7834,1918,81,161
Company_F,2025-02-24,25772,1161,72892,5016334667,11,0,20883,4570,82,237
Company_F,2025-03-03,17347,1165,46604,3335399288,9,0,12585,4429,119,214
Company_F,2025-03-10,14765,1528,47317,2849754765,16,0,7632,6665,124,344
Company_F,2025-03-17,19432,1541,56435,3665981460,59,0,11783,7106,167,376
Company_F,2025-03-24,13841,870,20717,2548285153,38,0,10219,3447,79,96
Company_F,2025-03-31,13203,651,18473,2457516696,28,0,10328,2738,104,33
Company_F,2025-04-07,14785,459,76443,3119612515,22,0,12297,2273,40,175
Company_F,2025-04-14,10042,396,41117,1988716465,32,0,7724,2091,33,194
Company_F,2025-04-21,12258,582,77671,2358061610,41,0,9116,2827,121,194
Company_F,2025-04-28,17732,791,78176,3418454360,31,0,13844,3629,44,215
Company_F,2025-05-05,15659,1795,32290,2851782687,4,0,10054,5390,65,150
Company_F,2025-05-12,9304,398,60218,1780850728,4,0,6965,2098,26,215
Company_F,2025-05-19,12160,894,41238,2400222481,3,0,6750,4516,60,834
Company_F,2025-05-26,16512,842,40840,3226614068,5,0,10786,4370,73,1283
Company_F,2025-06-02,29708,1160,84506,5555663085,9,0,23192,5020,181,1315
Company_F,2025-06-09,9540,657,38427,1981665544,2,0,5308,2996,40,1196
Company_F,2025-06-16,11011,814,45507,2178926003,2,0,6546,3081,24,1360
Company_F,2025-06-23,16144,1402,45144,3235194347,7,0,9233,5359,92,1460
Company_F,2025-06-30,17194,1137,56514,3325026030,5,0,10323,4899,54,1918
Company_F,2025-07-07,14279,647,43938,2730005851,2,0,9348,2922,99,1910
Company_F,2025-07-14,9743,669,48803,1949995822,9,0,4942,2728,30,2043
Company_F,2025-07-21,14949,1256,44522,3000050397,9,0,7821,4833,94,2201
Company_F,2025-07-28,15791,1590,76527,3175870697,11,0,7459,6139,52,2141
Company_F,2025-08-04,17010,1184,68646,3383606737,18,0,9875,4965,128,2042
Company_F,2025-08-11,12287,659,40369,2807291024,15,0,5836,4267,56,2128
Company_F,2025-08-18,11386,641,82804,2336831975,3,0,4438,5457,78,1413
Company_F,2025-08-25,24050,1275,55431,4826544999,32,0,9522,12919,168,1441
Company_F,2025-09-01,21151,1321,70284,4160960482,16,0,9117,10114,56,1864
Company_F,2025-09-08,18802,999,76030,3727346566,15,0,8607,7999,240,1956
Company_F,2025-09-15,12215,474,46249,2565967664,5,0,5151,5422,140,1502
Company_F,2025-09-22,26596,891,64652,5026766010,13,0,15028,9574,236,1758
Company_F,2025-09-29,20362,1108,46630,3866690954,3,0,12173,6356,43,1790
Company_F,2025-10-06,23237,1776,50077,4467591519,2,0,14293,6928,431,1585
Company_F,2025-10-13,9784,565,55261,2019004767,12,0,5821,2443,57,1463
Company_F,2025-10-20,18886,1569,62634,3702622260,16,0,9287,7525,269,1805
Company_F,2025-10-27,19676,1066,46192,3865416983,5,0,10645,7208,154,1669
Company_F,2025-11-03,17368,985,98157,3347422739,4,0,7840,7556,101,1871
Company_F,2025-11-10,32357,1667,74565,6017035185,3,0,17534,11287,1704,1832
Company_F,2025-11-17,14891,546,72996,3039302350,8,0,8365,4779,172,1575
Company_F,2025-11-24,29721,1409,67718,5521132097,6,0,18364,9336,335,1686
Company_F,2025-12-01,30809,2001,129156,5857108428,2,0,18548,10031,348,1882
Company_F,2025-12-08,50875,3470,115619,9692276200,7,0,30778,16048,1965,2084
Company_F,2025-12-15,15401,957,68813,3032786591,4,0,6432,7484,75,1410
Company_F,2025-12-22,15200,723,59339,2973526782,1,0,7150,6408,372,1270
Company_F,2025-12-29,12669,238,27052,2441068093,2,0,9331,1808,682,848
Company_E,2024-01-01,1873,17,2250,85028610,942,0,1516,139,215,3
Company_E,2024-01-08,1540,16,1801,66057935,793,0,1196,142,198,4
Company_E,2024-01-15,1560,17,1831,70063424,832,0,1208,144,208,0
Company_E,2024-01-22,1896,27,2223,79823287,970,0,1427,216,251,2
Company_E,2024-01-29,2367,41,2694,100852309,1228,0,1865,298,203,1
Company_E,2024-02-05,1855,19,2130,77566706,1083,0,1426,203,225,1
Company_E,2024-02-12,2640,34,3025,105292933,1651,0,1988,306,344,2
Company_E,2024-02-19,3114,58,3537,113121402,1967,0,2306,388,417,3
Company_E,2024-02-26,3795,92,4335,148468692,2197,0,2785,531,478,1
Company_E,2024-03-04,2359,53,2725,97836567,1454,0,1619,354,385,1
Company_E,2024-03-11,2351,39,2710,94472079,1447,0,1545,380,425,1
Company_E,2024-03-18,2352,43,2716,92633042,1401,0,1635,366,350,1
Company_E,2024-03-25,2397,67,2787,102632568,1303,0,1650,398,347,2
Company_E,2024-04-01,2239,128,2775,123548280,1162,0,1261,664,298,16
Company_E,2024-04-08,2803,169,3297,125718884,1935,0,1682,523,587,11
Company_E,2024-04-15,4052,110,4863,196517456,2379,0,2659,865,520,8
Company_E,2024-04-22,3446,128,4655,173463226,1893,0,2180,935,324,7
Company_E,2024-04-29,6109,405,6889,269408646,3706,0,3581,2110,417,1
Company_E,2024-05-06,4619,604,5229,231663325,2988,0,2303,1957,358,1
Company_E,2024-05-13,6412,889,7333,294732706,4178,0,2863,3113,435,1
Company_E,2024-05-20,7186,1020,8064,316921170,4666,0,2810,3955,420,1
Company_E,2024-05-27,7180,845,8133,305983661,4557,0,3217,3373,588,2
Company_E,2024-06-03,11922,819,13187,484822014,7712,0,5885,4943,1082,12
Company_E,2024-06-10,9969,517,10971,378345732,7015,0,5667,3305,995,2
Company_E,2024-06-17,18864,1026,21357,715284521,13621,0,9474,7373,2015,2
Company_E,2024-06-24,19759,845,22326,766636349,13654,0,9248,8702,1808,1
Company_E,2024-07-01,25601,1094,29250,1048196575,16355,0,13107,9932,2561,1
Company_E,2024-07-08,7871,401,9078,380882877,4892,0,3811,3222,837,1
Company_E,2024-07-15,11161,548,12999,534171221,7279,0,4960,4930,1268,3
Company_E,2024-07-22,17057,908,20349,782194455,11099,0,7390,8236,1428,3
Company_E,2024-07-29,12799,915,15627,601808318,8369,0,2306,9234,1258,1
Company_E,2024-08-05,27192,1362,32122,1077466330,18011,0,12564,13056,1572,0
Company_E,2024-08-12,18121,803,21722,745146990,12270,0,8808,7967,1344,2
Company_E,2024-08-19,15452,605,18132,664385796,10050,0,8318,6231,903,0
Company_E,2024-08-26,15900,835,18165,672266482,10081,0,5816,8746,1338,0
Company_E,2024-09-02,21559,1094,25061,928364597,13719,0,6815,13302,1442,0
Company_E,2024-09-09,16066,772,18689,706801546,9430,0,7009,7535,1519,3
Company_E,2024-09-16,14112,594,17321,697509064,8830,0,7088,6332,691,1
Company_E,2024-09-23,13187,554,15894,599483814,7984,0,5965,6670,550,2
Company_E,2024-09-30,16070,683,19114,719920481,9590,0,7409,8079,580,2
Company_E,2024-10-07,27766,855,32542,1138477008,16836,0,18214,8341,1207,4
Company_E,2024-10-14,16665,582,19071,654067658,10998,0,10947,4871,845,2
Company_E,2024-10-21,17928,541,20782,745065832,11657,0,10934,6140,852,2
Company_E,2024-10-28,15937,625,18248,687785235,9882,0,8456,6677,800,4
Company_E,2024-11-04,17591,799,20373,740542312,11245,0,7576,9155,860,0
Company_E,2024-11-11,25508,727,28536,912228485,16356,0,17676,6552,1280,0
Company_E,2024-11-18,18539,751,21113,690705984,11630,0,11699,5900,940,0
Company_E,2024-11-25,25685,1298,28727,961452781,16965,0,15503,9412,767,3
Company_E,2024-12-02,29072,2323,31843,978506037,21123,0,11781,16487,803,1
Company_E,2024-12-09,39308,1913,43602,1343238771,26817,0,25952,12213,1143,0
Company_E,2024-12-16,25532,1320,28593,873383936,18350,0,16150,8885,497,0
Company_E,2024-12-23,28329,1425,32045,1021120922,18863,0,19012,8749,568,0
Company_E,2024-12-30,32478,1389,35954,1101158649,21089,0,23359,8460,658,1
Company_E,2025-01-06,20352,857,22303,705548691,13532,0,14700,5161,490,1
Company_E,2025-01-13,19143,1397,21333,677659711,13569,0,9782,8650,711,0
Company_E,2025-01-20,22468,1967,24293,703201852,16463,0,8576,13349,542,1
Company_E,2025-01-27,31103,2446,33447,971203346,22555,0,12200,18339,564,0
Company_E,2025-02-03,23126,2309,24668,712906366,17427,0,6323,16490,312,1
Company_E,2025-02-10,23033,2417,24967,721818996,17664,0,6323,16396,307,7
Company_E,2025-02-17,24018,2171,26235,744052142,18508,0,9382,14049,587,0
Company_E,2025-02-24,27596,2106,30815,948533576,20209,0,9875,17054,667,0
Company_E,2025-03-03,26307,2274,28181,873076429,18755,0,9367,16492,447,1
Company_E,2025-03-10,20145,1657,21617,661072370,14857,0,6208,13627,310,0
Company_E,2025-03-17,20211,1760,21861,665970620,15209,0,6519,13368,324,0
Company_E,2025-03-24,17196,1583,19037,571530361,13008,0,6635,10316,245,0
Company_E,2025-03-31,34823,4519,37941,1209207285,27823,0,11784,22410,629,0
Company_E,2025-04-07,22708,2003,24576,831059801,16327,0,9226,13294,188,0
Company_E,2025-04-14,16284,1168,17788,622532218,11236,0,7458,8634,191,1
Company_E,2025-04-21,16229,1206,17795,626290350,11000,0,7378,8515,334,2
Company_E,2025-04-28,19225,1347,21083,718688246,12856,0,9667,9246,311,1
Company_E,2025-05-05,17292,1254,18920,646307632,11888,0,8406,8421,460,5
Company_E,2025-05-12,14772,1242,15856,525318802,10803,0,6441,8110,219,2
Company_E,2025-05-19,13394,1044,19559,646973512,9078,0,6292,6865,234,3
Company_E,2025-05-26,15555,1129,17257,573347104,10677,0,7488,7777,290,0
Company_E,2025-06-02,18126,1172,20255,657677470,11667,0,10674,6992,460,0
Company_E,2025-06-09,13490,1013,14450,470541013,9881,0,5924,7352,214,0
Company_E,2025-06-16,11919,1035,12729,426232043,8819,0,5282,6471,165,1
Company_E,2025-06-23,15419,1176,17116,590589168,10701,0,7500,7445,472,2
Company_E,2025-06-30,18485,1245,20079,647993271,12286,0,9947,8170,364,4
Company_E,2025-07-07,13247,947,19998,674700113,8647,0,6688,6276,279,4
Company_E,2025-07-14,10677,850,11661,400482605,7539,0,4551,5989,136,1
Company_E,2025-07-21,14366,1204,16267,529714332,9952,0,5962,8174,229,1
Company_E,2025-07-28,16322,1322,17695,562999378,10832,0,6606,9582,133,1
Company_E,2025-08-04,19392,1382,21162,643344467,12507,0,9169,9842,381,0
Company_E,2025-08-11,18908,1450,19990,596110929,14277,0,4018,14696,193,1
Company_E,2025-08-18,32475,1954,34834,1020385935,25724,0,4535,27706,233,1
Company_E,2025-08-25,33726,1608,35913,1103837736,24656,0,6159,27220,346,1
Company_E,2025-09-01,26473,1703,28817,888728732,18810,0,6192,20061,220,0
Company_E,2025-09-08,28812,1327,31294,956334118,20407,0,8334,19853,623,2
Company_E,2025-09-15,23470,1053,25184,770712794,17418,0,5407,17590,473,0
Company_E,2025-09-22,31940,985,34848,1085271918,22301,0,9545,21758,634,3
Company_E,2025-09-29,24393,1393,26550,820848159,15038,0,8757,15300,335,1
Company_E,2025-10-06,21581,1612,23252,684106179,11724,0,8818,12185,578,0
Company_E,2025-10-13,14848,1343,15847,455891851,8585,0,5375,9226,247,0
Company_E,2025-10-20,24403,1459,25804,720602679,13930,0,8876,15157,365,5
Company_E,2025-10-27,31171,1757,33293,987945761,20101,0,6788,24052,331,0
Company_E,2025-11-03,34708,1668,36734,953296770,19791,0,10557,23811,338,2
Company_E,2025-11-10,32889,1629,35506,1007578377,21741,0,7645,24458,786,0
Company_E,2025-11-17,20395,1149,21822,598718358,12095,0,6063,14171,161,0
Company_E,2025-11-24,21571,1162,23331,673090501,11897,0,7919,13302,350,0
Company_E,2025-12-01,24420,1769,26212,751910409,15467,0,9647,14414,359,0
Company_E,2025-12-08,36501,2252,39310,1084389304,23430,0,15015,20573,913,0
Company_E,2025-12-15,26230,1688,27694,769086765,19725,0,4773,21196,261,0
Company_E,2025-12-22,30071,1353,32049,857153638,19853,0,12015,17684,372,0
Company_E,2025-12-29,22484,845,24140,596750651,12423,0,10992,11245,247,0
